ISO-10303-21;
HEADER;
FILE_DESCRIPTION(('Open CASCADE Model'),'2;1');
FILE_NAME('Open CASCADE Shape Model','2026-06-04T11:04:43',('Author'),(
    'Open CASCADE'),'Open CASCADE STEP processor 7.8','Open CASCADE 7.8'
  ,'Unknown');
FILE_SCHEMA(('AUTOMOTIVE_DESIGN { 1 0 10303 214 1 1 1 1 }'));
ENDSEC;
DATA;
#1 = APPLICATION_PROTOCOL_DEFINITION('international standard',
  'automotive_design',2000,#2);
#2 = APPLICATION_CONTEXT(
  'core data for automotive mechanical design processes');
#3 = SHAPE_DEFINITION_REPRESENTATION(#4,#10);
#4 = PRODUCT_DEFINITION_SHAPE('','',#5);
#5 = PRODUCT_DEFINITION('design','',#6,#9);
#6 = PRODUCT_DEFINITION_FORMATION('','',#7);
#7 = PRODUCT('Open CASCADE STEP translator 7.8 1',
  'Open CASCADE STEP translator 7.8 1','',(#8));
#8 = PRODUCT_CONTEXT('',#2,'mechanical');
#9 = PRODUCT_DEFINITION_CONTEXT('part definition',#2,'design');
#10 = ADVANCED_BREP_SHAPE_REPRESENTATION('',(#11,#15),#1159);
#11 = AXIS2_PLACEMENT_3D('',#12,#13,#14);
#12 = CARTESIAN_POINT('',(0.,0.,0.));
#13 = DIRECTION('',(0.,0.,1.));
#14 = DIRECTION('',(1.,0.,-0.));
#15 = MANIFOLD_SOLID_BREP('',#16);
#16 = CLOSED_SHELL('',(#17,#1151,#1155));
#17 = ADVANCED_FACE('',(#18),#159,.F.);
#18 = FACE_BOUND('',#19,.F.);
#19 = EDGE_LOOP('',(#20,#1082,#1116,#1117));
#20 = ORIENTED_EDGE('',*,*,#21,.T.);
#21 = EDGE_CURVE('',#22,#24,#26,.T.);
#22 = VERTEX_POINT('',#23);
#23 = CARTESIAN_POINT('',(16.5,6.036837696399E-16,-7.105427357601E-15));
#24 = VERTEX_POINT('',#25);
#25 = CARTESIAN_POINT('',(16.5,-2.619793446762E-08,60.000000411516));
#26 = SEAM_CURVE('',#27,(#158,#1075),.PCURVE_S1.);
#27 = ( BOUNDED_CURVE() B_SPLINE_CURVE(9,(#28,#29,#30,#31,#32,#33,#34,
    #35,#36,#37,#38,#39,#40,#41,#42,#43,#44,#45,#46,#47,#48,#49,#50,#51,
    #52,#53,#54,#55,#56,#57,#58,#59,#60,#61,#62,#63,#64,#65,#66,#67,#68,
    #69,#70,#71,#72,#73,#74,#75,#76,#77,#78,#79,#80,#81,#82,#83,#84,#85,
    #86,#87,#88,#89,#90,#91,#92,#93,#94,#95,#96,#97,#98,#99,#100,#101,
    #102,#103,#104,#105,#106,#107,#108,#109,#110,#111,#112,#113,#114,
    #115,#116,#117,#118,#119,#120,#121,#122,#123,#124,#125,#126,#127,
    #128,#129,#130,#131,#132,#133,#134,#135,#136,#137,#138,#139,#140,
    #141,#142,#143,#144,#145,#146,#147,#148,#149,#150,#151,#152,#153,
    #154,#155,#156,#157),.UNSPECIFIED.,.F.,.F.) 
B_SPLINE_CURVE_WITH_KNOTS((10,8,8,8,8,8,8,8,8,8,8,8,8,8,8,8,10),(0.,
    5.429894739008,10.859789478015,16.289684217023,21.71957895603,
    27.149473695038,32.579368434045,38.009263173053,43.439157912061,
    48.869052651068,54.298947390076,59.728842129083,65.158736868091,
    70.588631607098,76.018526346106,81.448421085114,86.878315824121),
.UNSPECIFIED.) CURVE() GEOMETRIC_REPRESENTATION_ITEM() 
RATIONAL_B_SPLINE_CURVE((1.669078461068,1.669078461068,1.669078461068,
    1.669078461068,1.669078461068,1.669078461068,1.669078461068,
    1.669078461068,1.669078461068,1.669078461068,1.669078461068,
    1.669078461068,1.669078461068,1.669078461068,1.669078461068,
    1.669078461068,1.669078461068,1.669078461068,1.669078461068,
    1.669078461068,1.669078461068,1.669078461068,1.669078461068,
    1.669078461068,1.669078461068,1.669078461068,1.669078461068,
    1.669078461068,1.669078461068,1.669078461068,1.669078461068,
    1.669078461068,1.669078461068,1.669078461068,1.669078461068,
    1.669078461068,1.669078461068,1.669078461068,1.669078461068,
    1.669078461068,1.669078461068,1.669078461068,1.669078461068,
    1.669078461068,1.669078461068,1.669078461069,1.669078461068,
    1.669078461068,1.669078461068,1.669078461068,1.669078461068,
    1.669078461068,1.669078461068,1.669078461069,1.669078461068,
    1.669078461068,1.669078461068,1.669078461068,1.669078461068,
    1.669078461068,1.669078461068,1.669078461068,1.669078461068,
    1.669078461068,1.669078461068,1.669078461068,1.669078461068,
    1.669078461068,1.669078461068,1.669078461068,1.669078461068,
    1.669078461068,1.669078461068,1.669078461068,1.669078461068,
    1.669078461068,1.669078461068,1.669078461068,1.669078461068,
    1.669078461068,1.669078461068,1.669078461068,1.669078461068,
    1.669078461068,1.669078461069,1.669078461068,1.669078461068,
    1.669078461068,1.669078461068,1.669078461068,1.669078461068,
    1.669078461068,1.669078461068,1.669078461068,1.669078461068,
    1.669078461068,1.669078461068,1.669078461068,1.669078461068,
    1.669078461068,1.669078461069,1.669078461068,1.669078461068,
    1.669078461068,1.669078461068,1.669078461068,1.669078461068,
    1.669078461068,1.669078461069,1.669078461068,1.669078461069,
    1.669078461068,1.669078461068,1.669078461068,1.669078461068,
    1.669078461068,1.669078461069,1.669078461068,1.669078461068,
    1.669078461068,1.669078461068,1.669078461068,1.669078461068,
    1.669078461068,1.669078461069,1.669078461068,1.669078461068,
1.669078461068,1.669078461068,1.669078461068)) REPRESENTATION_ITEM('') 
  );
#28 = CARTESIAN_POINT('',(16.5,6.036837696399E-16,-7.105427357601E-15));
#29 = CARTESIAN_POINT('',(16.500000001159,7.199482617175,0.416668600111)
  );
#30 = CARTESIAN_POINT('',(12.96582097153,14.399488902374,0.833327340333)
  );
#31 = CARTESIAN_POINT('',(5.898542428536,19.612934426361,1.250013599104)
  );
#32 = CARTESIAN_POINT('',(-3.407927752167,20.876320472935,1.666647592683
    ));
#33 = CARTESIAN_POINT('',(-12.35201889716,17.171556568442,2.083352663286
    ));
#34 = CARTESIAN_POINT('',(-18.03933829584,9.69753964808,2.499987202793)
  );
#35 = CARTESIAN_POINT('',(-19.35019615306,1.013756320127,2.916672618847)
  );
#36 = CARTESIAN_POINT('',(-16.75806489936,-6.576458868329,3.333332171814
    ));
#37 = CARTESIAN_POINT('',(-6.576458895979,-16.7580648895,4.166668231619)
  );
#38 = CARTESIAN_POINT('',(1.013756294802,-19.35019615335,4.583327865659)
  );
#39 = CARTESIAN_POINT('',(9.697539605442,-18.0393383137,5.000013002292)
  );
#40 = CARTESIAN_POINT('',(17.171556574238,-12.35201892063,5.416648135194
    ));
#41 = CARTESIAN_POINT('',(20.87632043224,-3.407927790135,5.833352273267)
  );
#42 = CARTESIAN_POINT('',(19.61293447451,5.898542402431,6.249987416894)
  );
#43 = CARTESIAN_POINT('',(14.399488888837,12.965820944366,6.666672536972
    ));
#44 = CARTESIAN_POINT('',(7.199482667304,16.499999992692,7.083332186978)
  );
#45 = CARTESIAN_POINT('',(-7.199482641105,16.500000004094,7.916668224379
    ));
#46 = CARTESIAN_POINT('',(-14.39948886825,12.965820967346,8.333327875983
    ));
#47 = CARTESIAN_POINT('',(-19.61293446511,5.898542433289,8.750012990561)
  );
#48 = CARTESIAN_POINT('',(-20.8763204377,-3.407927756488,9.16664814586)
  );
#49 = CARTESIAN_POINT('',(-17.17155659376,-12.35201889405,9.583352265597
    ));
#50 = CARTESIAN_POINT('',(-9.697539634176,-18.03933829755,9.999987421106
    ));
#51 = CARTESIAN_POINT('',(-1.013756325445,-19.35019615241,10.41667253536
    ));
#52 = CARTESIAN_POINT('',(6.576458869314,-16.75806489948,10.833332187276
    ));
#53 = CARTESIAN_POINT('',(16.758064889037,-6.576458895921,11.66666822424
    ));
#54 = CARTESIAN_POINT('',(19.350196154026,1.013756294719,12.083327876176
    ));
#55 = CARTESIAN_POINT('',(18.03933831294,9.697539605538,12.500012990347)
  );
#56 = CARTESIAN_POINT('',(12.35201892133,17.171556574149,12.916648146051
    ));
#57 = CARTESIAN_POINT('',(3.407927789637,20.876320432306,13.333352265464
    ));
#58 = CARTESIAN_POINT('',(-5.898542402159,19.612934474472,
    13.749987421175));
#59 = CARTESIAN_POINT('',(-12.96582094447,14.399488888852,
    14.166672535336));
#60 = CARTESIAN_POINT('',(-16.49999999267,7.1994826673,14.58333218728));
#61 = CARTESIAN_POINT('',(-16.5000000041,-7.199482641102,15.416668224236
    ));
#62 = CARTESIAN_POINT('',(-12.96582096733,-14.39948886826,
    15.833327876185));
#63 = CARTESIAN_POINT('',(-5.898542433304,-19.6129344651,16.250012990332
    ));
#64 = CARTESIAN_POINT('',(3.4079277565,-20.87632043772,16.666648146068)
  );
#65 = CARTESIAN_POINT('',(12.352018894054,-17.17155659375,
    17.083352265448));
#66 = CARTESIAN_POINT('',(18.039338297553,-9.697539634186,
    17.499987421187));
#67 = CARTESIAN_POINT('',(19.350196152412,-1.01375632544,17.91667253533)
  );
#68 = CARTESIAN_POINT('',(16.75806489948,6.576458869313,18.333332187281)
  );
#69 = CARTESIAN_POINT('',(6.576458895922,16.758064889038,19.166668224238
    ));
#70 = CARTESIAN_POINT('',(-1.013756294722,19.350196154024,
    19.583327876174));
#71 = CARTESIAN_POINT('',(-9.69753960553,18.039338312945,20.000012990355
    ));
#72 = CARTESIAN_POINT('',(-17.17155657416,12.352018921324,
    20.416648146037));
#73 = CARTESIAN_POINT('',(-20.87632043229,3.407927789643,20.83335226548)
  );
#74 = CARTESIAN_POINT('',(-19.61293447448,-5.898542402162,
    21.249987421163));
#75 = CARTESIAN_POINT('',(-14.39948888884,-12.96582094446,
    21.666672535343));
#76 = CARTESIAN_POINT('',(-7.199482667302,-16.49999999267,
    22.083332187279));
#77 = CARTESIAN_POINT('',(7.199482641103,-16.5000000041,22.916668224237)
  );
#78 = CARTESIAN_POINT('',(14.399488868263,-12.96582096733,23.33332787618
    ));
#79 = CARTESIAN_POINT('',(19.612934465109,-5.898542433307,
    23.750012990343));
#80 = CARTESIAN_POINT('',(20.876320437718,3.407927756507,24.166648146051
    ));
#81 = CARTESIAN_POINT('',(17.171556593757,12.352018894044,
    24.583352265465));
#82 = CARTESIAN_POINT('',(9.697539634183,18.039338297561,24.999987421174
    ));
#83 = CARTESIAN_POINT('',(1.013756325442,19.350196152408,25.416672535337
    ));
#84 = CARTESIAN_POINT('',(-6.576458869314,16.758064899481,
    25.833332187279));
#85 = CARTESIAN_POINT('',(-16.75806488903,6.576458895922,26.666668224242
    ));
#86 = CARTESIAN_POINT('',(-19.35019615402,-1.013756294719,
    27.083327876163));
#87 = CARTESIAN_POINT('',(-18.03933831294,-9.697539605541,27.50001299037
    ));
#88 = CARTESIAN_POINT('',(-12.35201892133,-17.17155657414,27.91664814602
    ));
#89 = CARTESIAN_POINT('',(-3.407927789635,-20.87632043231,
    28.333352265495));
#90 = CARTESIAN_POINT('',(5.898542402157,-19.61293447446,28.749987421151
    ));
#91 = CARTESIAN_POINT('',(12.965820944471,-14.39948888885,29.16667253535
    ));
#92 = CARTESIAN_POINT('',(16.499999992672,-7.1994826673,29.583332187275)
  );
#93 = CARTESIAN_POINT('',(16.500000004104,7.199482641102,30.416668224241
    ));
#94 = CARTESIAN_POINT('',(12.965820967333,14.399488868269,
    30.833327876169));
#95 = CARTESIAN_POINT('',(5.898542433301,19.612934465097,31.250012990359
    ));
#96 = CARTESIAN_POINT('',(-3.407927756495,20.876320437731,
    31.666648146034));
#97 = CARTESIAN_POINT('',(-12.35201889405,17.171556593748,
    32.083352265483));
#98 = CARTESIAN_POINT('',(-18.03933829755,9.697539634188,32.499987421159
    ));
#99 = CARTESIAN_POINT('',(-19.35019615241,1.013756325441,32.916672535346
    ));
#100 = CARTESIAN_POINT('',(-16.75806489948,-6.576458869314,
    33.333332187278));
#101 = CARTESIAN_POINT('',(-6.576458895921,-16.75806488903,
    34.166668224237));
#102 = CARTESIAN_POINT('',(1.013756294716,-19.35019615402,
    34.583327876186));
#103 = CARTESIAN_POINT('',(9.697539605545,-18.03933831294,
    35.000012990328));
#104 = CARTESIAN_POINT('',(17.17155657414,-12.35201892132,
    35.416648146075));
#105 = CARTESIAN_POINT('',(20.876320432311,-3.407927789644,
    35.833352265439));
#106 = CARTESIAN_POINT('',(19.612934474471,5.898542402163,
    36.249987421197));
#107 = CARTESIAN_POINT('',(14.399488888851,12.965820944468,
    36.666672535321));
#108 = CARTESIAN_POINT('',(7.199482667301,16.499999992673,
    37.083332187288));
#109 = CARTESIAN_POINT('',(-7.199482641104,16.500000004104,
    37.916668224226));
#110 = CARTESIAN_POINT('',(-14.39948886825,12.96582096733,
    38.333327876213));
#111 = CARTESIAN_POINT('',(-19.61293446512,5.898542433306,
    38.750012990286));
#112 = CARTESIAN_POINT('',(-20.8763204377,-3.407927756503,
    39.166648146124));
#113 = CARTESIAN_POINT('',(-17.17155659376,-12.35201889405,
    39.583352265395));
#114 = CARTESIAN_POINT('',(-9.697539634179,-18.03933829755,
    39.999987421226));
#115 = CARTESIAN_POINT('',(-1.013756325442,-19.35019615241,
    40.416672535309));
#116 = CARTESIAN_POINT('',(6.576458869313,-16.75806489948,
    40.833332187287));
#117 = CARTESIAN_POINT('',(16.758064889038,-6.576458895921,
    41.666668224235));
#118 = CARTESIAN_POINT('',(19.350196154023,1.013756294718,
    42.083327876182));
#119 = CARTESIAN_POINT('',(18.039338312947,9.697539605539,42.50001299034
    ));
#120 = CARTESIAN_POINT('',(12.352018921323,17.17155657415,
    42.916648146059));
#121 = CARTESIAN_POINT('',(3.407927789644,20.876320432302,
    43.333352265454));
#122 = CARTESIAN_POINT('',(-5.898542402163,19.612934474476,
    43.749987421185));
#123 = CARTESIAN_POINT('',(-12.96582094446,14.39948888885,
    44.166672535329));
#124 = CARTESIAN_POINT('',(-16.49999999267,7.199482667301,
    44.583332187283));
#125 = CARTESIAN_POINT('',(-16.5000000041,-7.199482641103,
    45.416668224233));
#126 = CARTESIAN_POINT('',(-12.96582096733,-14.39948886826,
    45.833327876192));
#127 = CARTESIAN_POINT('',(-5.89854243331,-19.61293446511,
    46.250012990322));
#128 = CARTESIAN_POINT('',(3.407927756511,-20.8763204377,46.666648146078
    ));
#129 = CARTESIAN_POINT('',(12.352018894043,-17.17155659376,
    47.083352265442));
#130 = CARTESIAN_POINT('',(18.03933829756,-9.697539634181,
    47.499987421188));
#131 = CARTESIAN_POINT('',(19.350196152409,-1.013756325442,
    47.916672535331));
#132 = CARTESIAN_POINT('',(16.758064899481,6.576458869313,
    48.333332187281));
#133 = CARTESIAN_POINT('',(6.57645889592,16.758064889039,49.166668224237
    ));
#134 = CARTESIAN_POINT('',(-1.013756294717,19.350196154021,
    49.583327876169));
#135 = CARTESIAN_POINT('',(-9.697539605543,18.039338312949,
    50.000012990386));
#136 = CARTESIAN_POINT('',(-17.17155657414,12.352018921324,
    50.416648145955));
#137 = CARTESIAN_POINT('',(-20.8763204323,3.407927789635,50.833352265621
    ));
#138 = CARTESIAN_POINT('',(-19.61293447447,-5.898542402149,
    51.249987420983));
#139 = CARTESIAN_POINT('',(-14.39948888884,-12.96582094448,
    51.666672535521));
#140 = CARTESIAN_POINT('',(-7.199482667302,-16.49999999266,
    52.08333218714));
#141 = CARTESIAN_POINT('',(7.199482641105,-16.50000000412,
    52.916668224542));
#142 = CARTESIAN_POINT('',(14.399488868251,-12.96582096722,
    53.333327874533));
#143 = CARTESIAN_POINT('',(19.612934465144,-5.898542433575,
    53.750012994644));
#144 = CARTESIAN_POINT('',(20.876320437652,3.407927756992,
    54.166648138226));
#145 = CARTESIAN_POINT('',(17.171556593847,12.352018893366,
    54.583352276345));
#146 = CARTESIAN_POINT('',(9.697539634088,18.039338298312,
    54.999987409208));
#147 = CARTESIAN_POINT('',(1.013756325525,19.350196151742,
    55.416672545866));
#148 = CARTESIAN_POINT('',(-6.57645886937,16.758064899951,
    55.833332179896));
#149 = CARTESIAN_POINT('',(-16.75806488891,6.576458894936,
    56.666668239702));
#150 = CARTESIAN_POINT('',(-19.35019615467,-1.013756289401,
    57.083327792678));
#151 = CARTESIAN_POINT('',(-18.03933831125,-9.69753961944,
    57.500013208709));
#152 = CARTESIAN_POINT('',(-12.35201892441,-17.17155654882,
    57.91664774825));
#153 = CARTESIAN_POINT('',(-3.407927785327,-20.87632046752,
    58.333352818816));
#154 = CARTESIAN_POINT('',(5.898542397402,-19.61293443572,
    58.749986812426));
#155 = CARTESIAN_POINT('',(12.965820948664,-14.39948892295,
    59.166673071175));
#156 = CARTESIAN_POINT('',(16.499999989729,-7.199482643374,
    59.58333181141));
#157 = CARTESIAN_POINT('',(16.5,-2.619793446762E-08,60.000000411516));
#158 = PCURVE('',#159,#1070);
#159 = ( BOUNDED_SURFACE() B_SPLINE_SURFACE(6,9,(
    (#160,#161,#162,#163,#164,#165,#166,#167,#168,#169,#170,#171,#172
      ,#173,#174,#175,#176,#177,#178,#179,#180,#181,#182,#183,#184,#185
      ,#186,#187,#188,#189,#190,#191,#192,#193,#194,#195,#196,#197,#198
      ,#199,#200,#201,#202,#203,#204,#205,#206,#207,#208,#209,#210,#211
      ,#212,#213,#214,#215,#216,#217,#218,#219,#220,#221,#222,#223,#224
      ,#225,#226,#227,#228,#229,#230,#231,#232,#233,#234,#235,#236,#237
      ,#238,#239,#240,#241,#242,#243,#244,#245,#246,#247,#248,#249,#250
      ,#251,#252,#253,#254,#255,#256,#257,#258,#259,#260,#261,#262,#263
      ,#264,#265,#266,#267,#268,#269,#270,#271,#272,#273,#274,#275,#276
      ,#277,#278,#279,#280,#281,#282,#283,#284,#285,#286,#287,#288,#289)
    ,(#290,#291,#292,#293,#294,#295,#296,#297,#298,#299,#300,#301,#302
      ,#303,#304,#305,#306,#307,#308,#309,#310,#311,#312,#313,#314,#315
      ,#316,#317,#318,#319,#320,#321,#322,#323,#324,#325,#326,#327,#328
      ,#329,#330,#331,#332,#333,#334,#335,#336,#337,#338,#339,#340,#341
      ,#342,#343,#344,#345,#346,#347,#348,#349,#350,#351,#352,#353,#354
      ,#355,#356,#357,#358,#359,#360,#361,#362,#363,#364,#365,#366,#367
      ,#368,#369,#370,#371,#372,#373,#374,#375,#376,#377,#378,#379,#380
      ,#381,#382,#383,#384,#385,#386,#387,#388,#389,#390,#391,#392,#393
      ,#394,#395,#396,#397,#398,#399,#400,#401,#402,#403,#404,#405,#406
      ,#407,#408,#409,#410,#411,#412,#413,#414,#415,#416,#417,#418,#419)
    ,(#420,#421,#422,#423,#424,#425,#426,#427,#428,#429,#430,#431,#432
      ,#433,#434,#435,#436,#437,#438,#439,#440,#441,#442,#443,#444,#445
      ,#446,#447,#448,#449,#450,#451,#452,#453,#454,#455,#456,#457,#458
      ,#459,#460,#461,#462,#463,#464,#465,#466,#467,#468,#469,#470,#471
      ,#472,#473,#474,#475,#476,#477,#478,#479,#480,#481,#482,#483,#484
      ,#485,#486,#487,#488,#489,#490,#491,#492,#493,#494,#495,#496,#497
      ,#498,#499,#500,#501,#502,#503,#504,#505,#506,#507,#508,#509,#510
      ,#511,#512,#513,#514,#515,#516,#517,#518,#519,#520,#521,#522,#523
      ,#524,#525,#526,#527,#528,#529,#530,#531,#532,#533,#534,#535,#536
      ,#537,#538,#539,#540,#541,#542,#543,#544,#545,#546,#547,#548,#549)
    ,(#550,#551,#552,#553,#554,#555,#556,#557,#558,#559,#560,#561,#562
      ,#563,#564,#565,#566,#567,#568,#569,#570,#571,#572,#573,#574,#575
      ,#576,#577,#578,#579,#580,#581,#582,#583,#584,#585,#586,#587,#588
      ,#589,#590,#591,#592,#593,#594,#595,#596,#597,#598,#599,#600,#601
      ,#602,#603,#604,#605,#606,#607,#608,#609,#610,#611,#612,#613,#614
      ,#615,#616,#617,#618,#619,#620,#621,#622,#623,#624,#625,#626,#627
      ,#628,#629,#630,#631,#632,#633,#634,#635,#636,#637,#638,#639,#640
      ,#641,#642,#643,#644,#645,#646,#647,#648,#649,#650,#651,#652,#653
      ,#654,#655,#656,#657,#658,#659,#660,#661,#662,#663,#664,#665,#666
      ,#667,#668,#669,#670,#671,#672,#673,#674,#675,#676,#677,#678,#679)
    ,(#680,#681,#682,#683,#684,#685,#686,#687,#688,#689,#690,#691,#692
      ,#693,#694,#695,#696,#697,#698,#699,#700,#701,#702,#703,#704,#705
      ,#706,#707,#708,#709,#710,#711,#712,#713,#714,#715,#716,#717,#718
      ,#719,#720,#721,#722,#723,#724,#725,#726,#727,#728,#729,#730,#731
      ,#732,#733,#734,#735,#736,#737,#738,#739,#740,#741,#742,#743,#744
      ,#745,#746,#747,#748,#749,#750,#751,#752,#753,#754,#755,#756,#757
      ,#758,#759,#760,#761,#762,#763,#764,#765,#766,#767,#768,#769,#770
      ,#771,#772,#773,#774,#775,#776,#777,#778,#779,#780,#781,#782,#783
      ,#784,#785,#786,#787,#788,#789,#790,#791,#792,#793,#794,#795,#796
      ,#797,#798,#799,#800,#801,#802,#803,#804,#805,#806,#807,#808,#809)
    ,(#810,#811,#812,#813,#814,#815,#816,#817,#818,#819,#820,#821,#822
      ,#823,#824,#825,#826,#827,#828,#829,#830,#831,#832,#833,#834,#835
      ,#836,#837,#838,#839,#840,#841,#842,#843,#844,#845,#846,#847,#848
      ,#849,#850,#851,#852,#853,#854,#855,#856,#857,#858,#859,#860,#861
      ,#862,#863,#864,#865,#866,#867,#868,#869,#870,#871,#872,#873,#874
      ,#875,#876,#877,#878,#879,#880,#881,#882,#883,#884,#885,#886,#887
      ,#888,#889,#890,#891,#892,#893,#894,#895,#896,#897,#898,#899,#900
      ,#901,#902,#903,#904,#905,#906,#907,#908,#909,#910,#911,#912,#913
      ,#914,#915,#916,#917,#918,#919,#920,#921,#922,#923,#924,#925,#926
      ,#927,#928,#929,#930,#931,#932,#933,#934,#935,#936,#937,#938,#939)
    ,(#940,#941,#942,#943,#944,#945,#946,#947,#948,#949,#950,#951,#952
      ,#953,#954,#955,#956,#957,#958,#959,#960,#961,#962,#963,#964,#965
      ,#966,#967,#968,#969,#970,#971,#972,#973,#974,#975,#976,#977,#978
      ,#979,#980,#981,#982,#983,#984,#985,#986,#987,#988,#989,#990,#991
      ,#992,#993,#994,#995,#996,#997,#998,#999,#1000,#1001,#1002,#1003
      ,#1004,#1005,#1006,#1007,#1008,#1009,#1010,#1011,#1012,#1013,#1014
      ,#1015,#1016,#1017,#1018,#1019,#1020,#1021,#1022,#1023,#1024,#1025
      ,#1026,#1027,#1028,#1029,#1030,#1031,#1032,#1033,#1034,#1035,#1036
      ,#1037,#1038,#1039,#1040,#1041,#1042,#1043,#1044,#1045,#1046,#1047
      ,#1048,#1049,#1050,#1051,#1052,#1053,#1054,#1055,#1056,#1057,#1058
      ,#1059,#1060,#1061,#1062,#1063,#1064,#1065,#1066,#1067,#1068,#1069
)),.UNSPECIFIED.,.T.,.F.,.F.) B_SPLINE_SURFACE_WITH_KNOTS((1,6,6,1),(10,
    8,8,8,8,8,8,8,8,8,8,8,8,8,8,8,10),(-6.28318530718,0.,6.28318530718,
    12.566370614359),(0.,5.429894739008,10.859789478015,16.289684217023,
    21.71957895603,27.149473695038,32.579368434045,38.009263173053,
    43.439157912061,48.869052651068,54.298947390076,59.728842129083,
    65.158736868091,70.588631607098,76.018526346106,81.448421085114,
86.878315824121),.UNSPECIFIED.) GEOMETRIC_REPRESENTATION_ITEM() 
RATIONAL_B_SPLINE_SURFACE((
    (1.669078461068,1.669078461068,1.669078461068,1.669078461068
      ,1.669078461068,1.669078461068,1.669078461068,1.669078461068
      ,1.669078461068,1.669078461068,1.669078461068,1.669078461068
      ,1.669078461068,1.669078461068,1.669078461068,1.669078461068
      ,1.669078461068,1.669078461068,1.669078461068,1.669078461068
      ,1.669078461068,1.669078461068,1.669078461068,1.669078461068
      ,1.669078461068,1.669078461068,1.669078461068,1.669078461068
      ,1.669078461068,1.669078461068,1.669078461068,1.669078461068
      ,1.669078461068,1.669078461068,1.669078461068,1.669078461068
      ,1.669078461068,1.669078461068,1.669078461068,1.669078461068
      ,1.669078461068,1.669078461068,1.669078461068,1.669078461068
      ,1.669078461068,1.669078461069,1.669078461068,1.669078461068
      ,1.669078461068,1.669078461068,1.669078461068,1.669078461068
      ,1.669078461068,1.669078461069,1.669078461068,1.669078461068
      ,1.669078461068,1.669078461068,1.669078461068,1.669078461068
      ,1.669078461068,1.669078461068,1.669078461068,1.669078461068
      ,1.669078461068,1.669078461068,1.669078461068,1.669078461068
      ,1.669078461068,1.669078461068,1.669078461068,1.669078461068
      ,1.669078461068,1.669078461068,1.669078461068,1.669078461068
      ,1.669078461068,1.669078461068,1.669078461068,1.669078461068
      ,1.669078461068,1.669078461068,1.669078461068,1.669078461068
      ,1.669078461069,1.669078461068,1.669078461068,1.669078461068
      ,1.669078461068,1.669078461068,1.669078461068,1.669078461068
      ,1.669078461068,1.669078461068,1.669078461068,1.669078461068
      ,1.669078461068,1.669078461068,1.669078461068,1.669078461068
      ,1.669078461069,1.669078461068,1.669078461068,1.669078461068
      ,1.669078461068,1.669078461068,1.669078461068,1.669078461068
      ,1.669078461069,1.669078461068,1.669078461069,1.669078461068
      ,1.669078461068,1.669078461068,1.669078461068,1.669078461068
      ,1.669078461069,1.669078461068,1.669078461068,1.669078461068
      ,1.669078461068,1.669078461068,1.669078461068,1.669078461068
      ,1.669078461069,1.669078461068,1.669078461068,1.669078461068
      ,1.669078461068,1.669078461068)
    ,(1.03672962321,1.03672962321,1.03672962321,1.03672962321
      ,1.03672962321,1.03672962321,1.03672962321,1.03672962321
      ,1.03672962321,1.03672962321,1.03672962321,1.03672962321
      ,1.03672962321,1.03672962321,1.03672962321,1.03672962321
      ,1.03672962321,1.03672962321,1.03672962321,1.03672962321
      ,1.036729623209,1.03672962321,1.03672962321,1.03672962321
      ,1.03672962321,1.03672962321,1.03672962321,1.03672962321
      ,1.036729623209,1.03672962321,1.03672962321,1.03672962321
      ,1.03672962321,1.03672962321,1.03672962321,1.03672962321
      ,1.03672962321,1.036729623209,1.03672962321,1.03672962321
      ,1.03672962321,1.03672962321,1.03672962321,1.03672962321
      ,1.036729623209,1.03672962321,1.03672962321,1.03672962321
      ,1.03672962321,1.03672962321,1.03672962321,1.03672962321
      ,1.036729623209,1.03672962321,1.036729623209,1.03672962321
      ,1.03672962321,1.03672962321,1.03672962321,1.03672962321
      ,1.03672962321,1.03672962321,1.03672962321,1.03672962321
      ,1.03672962321,1.03672962321,1.03672962321,1.03672962321
      ,1.03672962321,1.03672962321,1.03672962321,1.03672962321
      ,1.03672962321,1.03672962321,1.03672962321,1.03672962321
      ,1.03672962321,1.03672962321,1.03672962321,1.03672962321
      ,1.03672962321,1.03672962321,1.03672962321,1.036729623209
      ,1.03672962321,1.036729623209,1.03672962321,1.03672962321
      ,1.03672962321,1.03672962321,1.03672962321,1.03672962321
      ,1.036729623209,1.03672962321,1.036729623209,1.03672962321
      ,1.03672962321,1.03672962321,1.03672962321,1.036729623209
      ,1.03672962321,1.036729623209,1.03672962321,1.03672962321
      ,1.03672962321,1.03672962321,1.03672962321,1.03672962321
      ,1.03672962321,1.036729623209,1.03672962321,1.03672962321
      ,1.03672962321,1.03672962321,1.03672962321,1.036729623209
      ,1.03672962321,1.036729623209,1.03672962321,1.03672962321
      ,1.03672962321,1.03672962321,1.03672962321,1.036729623209
      ,1.03672962321,1.036729623209,1.03672962321,1.03672962321
      ,1.03672962321,1.03672962321)
    ,(1.038346699848,1.038346699848,1.038346699848,1.038346699847
      ,1.038346699848,1.038346699847,1.038346699848,1.038346699847
      ,1.038346699848,1.038346699848,1.038346699848,1.038346699848
      ,1.038346699847,1.038346699848,1.038346699847,1.038346699848
      ,1.038346699848,1.038346699848,1.038346699847,1.038346699848
      ,1.038346699847,1.038346699848,1.038346699847,1.038346699848
      ,1.038346699848,1.038346699848,1.038346699847,1.038346699848
      ,1.038346699847,1.038346699848,1.038346699847,1.038346699848
      ,1.038346699848,1.038346699848,1.038346699848,1.038346699847
      ,1.038346699848,1.038346699847,1.038346699848,1.038346699848
      ,1.038346699848,1.038346699848,1.038346699847,1.038346699848
      ,1.038346699847,1.038346699848,1.038346699847,1.038346699848
      ,1.038346699847,1.038346699848,1.038346699847,1.038346699848
      ,1.038346699847,1.038346699848,1.038346699847,1.038346699848
      ,1.038346699848,1.038346699848,1.038346699848,1.038346699847
      ,1.038346699848,1.038346699847,1.038346699848,1.038346699847
      ,1.038346699848,1.038346699848,1.038346699847,1.038346699848
      ,1.038346699847,1.038346699848,1.038346699847,1.038346699848
      ,1.038346699848,1.038346699848,1.038346699847,1.038346699848
      ,1.038346699847,1.038346699848,1.038346699847,1.038346699848
      ,1.038346699848,1.038346699847,1.038346699848,1.038346699847
      ,1.038346699848,1.038346699847,1.038346699848,1.038346699847
      ,1.038346699848,1.038346699848,1.038346699847,1.038346699848
      ,1.038346699847,1.038346699848,1.038346699847,1.038346699848
      ,1.038346699848,1.038346699848,1.038346699848,1.038346699847
      ,1.038346699848,1.038346699847,1.038346699848,1.038346699847
      ,1.038346699848,1.038346699847,1.038346699848,1.038346699847
      ,1.038346699848,1.038346699847,1.038346699848,1.038346699847
      ,1.038346699848,1.038346699847,1.038346699848,1.038346699847
      ,1.038346699848,1.038346699847,1.038346699848,1.038346699847
      ,1.038346699848,1.038346699847,1.038346699848,1.038346699847
      ,1.038346699848,1.038346699847,1.038346699848,1.038346699847
      ,1.038346699848,1.038346699848)
    ,(0.853534330196,0.853534330196,0.853534330196,0.853534330196
      ,0.853534330196,0.853534330196,0.853534330196,0.853534330196
      ,0.853534330196,0.853534330196,0.853534330196,0.853534330196
      ,0.853534330196,0.853534330196,0.853534330196,0.853534330196
      ,0.853534330196,0.853534330196,0.853534330196,0.853534330196
      ,0.853534330196,0.853534330196,0.853534330196,0.853534330196
      ,0.853534330196,0.853534330196,0.853534330196,0.853534330196
      ,0.853534330196,0.853534330196,0.853534330196,0.853534330196
      ,0.853534330196,0.853534330196,0.853534330196,0.853534330196
      ,0.853534330196,0.853534330196,0.853534330196,0.853534330196
      ,0.853534330196,0.853534330196,0.853534330196,0.853534330196
      ,0.853534330196,0.853534330196,0.853534330196,0.853534330196
      ,0.853534330196,0.853534330196,0.853534330196,0.853534330196
      ,0.853534330196,0.853534330196,0.853534330196,0.853534330196
      ,0.853534330196,0.853534330196,0.853534330196,0.853534330196
      ,0.853534330196,0.853534330196,0.853534330196,0.853534330196
      ,0.853534330196,0.853534330196,0.853534330196,0.853534330196
      ,0.853534330196,0.853534330196,0.853534330196,0.853534330196
      ,0.853534330196,0.853534330196,0.853534330196,0.853534330196
      ,0.853534330196,0.853534330196,0.853534330196,0.853534330196
      ,0.853534330196,0.853534330196,0.853534330196,0.853534330196
      ,0.853534330196,0.853534330196,0.853534330196,0.853534330196
      ,0.853534330196,0.853534330196,0.853534330196,0.853534330196
      ,0.853534330196,0.853534330196,0.853534330196,0.853534330196
      ,0.853534330196,0.853534330196,0.853534330196,0.853534330196
      ,0.853534330196,0.853534330196,0.853534330196,0.853534330196
      ,0.853534330196,0.853534330196,0.853534330196,0.853534330196
      ,0.853534330196,0.853534330196,0.853534330196,0.853534330196
      ,0.853534330196,0.853534330196,0.853534330196,0.853534330196
      ,0.853534330196,0.853534330196,0.853534330196,0.853534330196
      ,0.853534330196,0.853534330196,0.853534330196,0.853534330196
      ,0.853534330196,0.853534330196,0.853534330196,0.853534330196
      ,0.853534330196,0.853534330196)
    ,(1.038346699848,1.038346699848,1.038346699848,1.038346699847
      ,1.038346699848,1.038346699847,1.038346699848,1.038346699847
      ,1.038346699848,1.038346699848,1.038346699848,1.038346699848
      ,1.038346699847,1.038346699848,1.038346699847,1.038346699848
      ,1.038346699848,1.038346699848,1.038346699847,1.038346699848
      ,1.038346699847,1.038346699848,1.038346699847,1.038346699848
      ,1.038346699848,1.038346699848,1.038346699847,1.038346699848
      ,1.038346699847,1.038346699848,1.038346699847,1.038346699848
      ,1.038346699848,1.038346699848,1.038346699848,1.038346699847
      ,1.038346699848,1.038346699847,1.038346699848,1.038346699848
      ,1.038346699848,1.038346699848,1.038346699847,1.038346699848
      ,1.038346699847,1.038346699848,1.038346699847,1.038346699848
      ,1.038346699847,1.038346699848,1.038346699847,1.038346699848
      ,1.038346699847,1.038346699848,1.038346699847,1.038346699848
      ,1.038346699848,1.038346699848,1.038346699848,1.038346699847
      ,1.038346699848,1.038346699847,1.038346699848,1.038346699847
      ,1.038346699848,1.038346699848,1.038346699847,1.038346699848
      ,1.038346699847,1.038346699848,1.038346699847,1.038346699848
      ,1.038346699848,1.038346699848,1.038346699847,1.038346699848
      ,1.038346699847,1.038346699848,1.038346699847,1.038346699848
      ,1.038346699848,1.038346699847,1.038346699848,1.038346699847
      ,1.038346699848,1.038346699847,1.038346699848,1.038346699847
      ,1.038346699848,1.038346699848,1.038346699847,1.038346699848
      ,1.038346699847,1.038346699848,1.038346699847,1.038346699848
      ,1.038346699848,1.038346699848,1.038346699848,1.038346699847
      ,1.038346699848,1.038346699847,1.038346699848,1.038346699847
      ,1.038346699848,1.038346699847,1.038346699848,1.038346699847
      ,1.038346699848,1.038346699847,1.038346699848,1.038346699847
      ,1.038346699848,1.038346699847,1.038346699848,1.038346699847
      ,1.038346699848,1.038346699847,1.038346699848,1.038346699847
      ,1.038346699848,1.038346699847,1.038346699848,1.038346699847
      ,1.038346699848,1.038346699847,1.038346699848,1.038346699847
      ,1.038346699848,1.038346699848)
    ,(1.03672962321,1.03672962321,1.03672962321,1.03672962321
      ,1.03672962321,1.03672962321,1.03672962321,1.03672962321
      ,1.03672962321,1.03672962321,1.03672962321,1.03672962321
      ,1.03672962321,1.03672962321,1.03672962321,1.03672962321
      ,1.03672962321,1.03672962321,1.03672962321,1.03672962321
      ,1.036729623209,1.03672962321,1.03672962321,1.03672962321
      ,1.03672962321,1.03672962321,1.03672962321,1.03672962321
      ,1.036729623209,1.03672962321,1.03672962321,1.03672962321
      ,1.03672962321,1.03672962321,1.03672962321,1.03672962321
      ,1.03672962321,1.03672962321,1.03672962321,1.03672962321
      ,1.03672962321,1.03672962321,1.03672962321,1.03672962321
      ,1.036729623209,1.03672962321,1.036729623209,1.03672962321
      ,1.03672962321,1.03672962321,1.03672962321,1.03672962321
      ,1.036729623209,1.03672962321,1.03672962321,1.03672962321
      ,1.03672962321,1.03672962321,1.03672962321,1.03672962321
      ,1.03672962321,1.03672962321,1.03672962321,1.03672962321
      ,1.03672962321,1.03672962321,1.03672962321,1.03672962321
      ,1.03672962321,1.03672962321,1.03672962321,1.03672962321
      ,1.03672962321,1.03672962321,1.03672962321,1.03672962321
      ,1.03672962321,1.03672962321,1.03672962321,1.03672962321
      ,1.03672962321,1.03672962321,1.03672962321,1.036729623209
      ,1.03672962321,1.036729623209,1.03672962321,1.03672962321
      ,1.03672962321,1.03672962321,1.03672962321,1.03672962321
      ,1.036729623209,1.03672962321,1.036729623209,1.03672962321
      ,1.03672962321,1.03672962321,1.03672962321,1.036729623209
      ,1.03672962321,1.036729623209,1.03672962321,1.03672962321
      ,1.03672962321,1.03672962321,1.03672962321,1.036729623209
      ,1.03672962321,1.036729623209,1.03672962321,1.03672962321
      ,1.03672962321,1.03672962321,1.03672962321,1.036729623209
      ,1.03672962321,1.036729623209,1.03672962321,1.03672962321
      ,1.03672962321,1.03672962321,1.03672962321,1.036729623209
      ,1.03672962321,1.036729623209,1.03672962321,1.03672962321
      ,1.03672962321,1.03672962321)
    ,(1.669078461068,1.669078461068,1.669078461068,1.669078461068
      ,1.669078461068,1.669078461068,1.669078461068,1.669078461068
      ,1.669078461068,1.669078461068,1.669078461068,1.669078461068
      ,1.669078461068,1.669078461068,1.669078461068,1.669078461068
      ,1.669078461068,1.669078461068,1.669078461068,1.669078461068
      ,1.669078461068,1.669078461068,1.669078461068,1.669078461068
      ,1.669078461068,1.669078461068,1.669078461068,1.669078461068
      ,1.669078461068,1.669078461068,1.669078461068,1.669078461068
      ,1.669078461068,1.669078461068,1.669078461068,1.669078461068
      ,1.669078461068,1.669078461068,1.669078461068,1.669078461068
      ,1.669078461068,1.669078461068,1.669078461068,1.669078461068
      ,1.669078461068,1.669078461069,1.669078461068,1.669078461068
      ,1.669078461068,1.669078461068,1.669078461068,1.669078461068
      ,1.669078461068,1.669078461069,1.669078461068,1.669078461068
      ,1.669078461068,1.669078461068,1.669078461068,1.669078461068
      ,1.669078461068,1.669078461068,1.669078461068,1.669078461068
      ,1.669078461068,1.669078461068,1.669078461068,1.669078461068
      ,1.669078461068,1.669078461068,1.669078461068,1.669078461068
      ,1.669078461068,1.669078461068,1.669078461068,1.669078461068
      ,1.669078461068,1.669078461068,1.669078461068,1.669078461068
      ,1.669078461068,1.669078461068,1.669078461068,1.669078461068
      ,1.669078461069,1.669078461068,1.669078461068,1.669078461068
      ,1.669078461068,1.669078461068,1.669078461068,1.669078461068
      ,1.669078461068,1.669078461068,1.669078461068,1.669078461068
      ,1.669078461068,1.669078461068,1.669078461068,1.669078461068
      ,1.669078461069,1.669078461068,1.669078461068,1.669078461068
      ,1.669078461068,1.669078461068,1.669078461068,1.669078461068
      ,1.669078461069,1.669078461068,1.669078461069,1.669078461068
      ,1.669078461068,1.669078461068,1.669078461068,1.669078461068
      ,1.669078461069,1.669078461068,1.669078461068,1.669078461068
      ,1.669078461068,1.669078461068,1.669078461068,1.669078461068
      ,1.669078461069,1.669078461068,1.669078461068,1.669078461068
,1.669078461068,1.669078461068))) REPRESENTATION_ITEM('') SURFACE() );
#160 = CARTESIAN_POINT('',(16.5,6.036837696399E-16,-7.105427357601E-15)
  );
#161 = CARTESIAN_POINT('',(16.500000001159,7.199482617175,0.416668600111
    ));
#162 = CARTESIAN_POINT('',(12.96582097153,14.399488902374,0.833327340333
    ));
#163 = CARTESIAN_POINT('',(5.898542428536,19.612934426361,1.250013599104
    ));
#164 = CARTESIAN_POINT('',(-3.407927752167,20.876320472935,
    1.666647592683));
#165 = CARTESIAN_POINT('',(-12.35201889716,17.171556568442,
    2.083352663286));
#166 = CARTESIAN_POINT('',(-18.03933829584,9.69753964808,2.499987202793)
  );
#167 = CARTESIAN_POINT('',(-19.35019615306,1.013756320127,2.916672618847
    ));
#168 = CARTESIAN_POINT('',(-16.75806489936,-6.576458868329,
    3.333332171814));
#169 = CARTESIAN_POINT('',(-6.576458895979,-16.7580648895,4.166668231619
    ));
#170 = CARTESIAN_POINT('',(1.013756294802,-19.35019615335,4.583327865659
    ));
#171 = CARTESIAN_POINT('',(9.697539605442,-18.0393383137,5.000013002292)
  );
#172 = CARTESIAN_POINT('',(17.171556574238,-12.35201892063,
    5.416648135194));
#173 = CARTESIAN_POINT('',(20.87632043224,-3.407927790135,5.833352273267
    ));
#174 = CARTESIAN_POINT('',(19.61293447451,5.898542402431,6.249987416894)
  );
#175 = CARTESIAN_POINT('',(14.399488888837,12.965820944366,
    6.666672536972));
#176 = CARTESIAN_POINT('',(7.199482667304,16.499999992692,7.083332186978
    ));
#177 = CARTESIAN_POINT('',(-7.199482641105,16.500000004094,
    7.916668224379));
#178 = CARTESIAN_POINT('',(-14.39948886825,12.965820967346,
    8.333327875983));
#179 = CARTESIAN_POINT('',(-19.61293446511,5.898542433289,8.750012990561
    ));
#180 = CARTESIAN_POINT('',(-20.8763204377,-3.407927756488,9.16664814586)
  );
#181 = CARTESIAN_POINT('',(-17.17155659376,-12.35201889405,
    9.583352265597));
#182 = CARTESIAN_POINT('',(-9.697539634176,-18.03933829755,
    9.999987421106));
#183 = CARTESIAN_POINT('',(-1.013756325445,-19.35019615241,
    10.41667253536));
#184 = CARTESIAN_POINT('',(6.576458869314,-16.75806489948,
    10.833332187276));
#185 = CARTESIAN_POINT('',(16.758064889037,-6.576458895921,
    11.66666822424));
#186 = CARTESIAN_POINT('',(19.350196154026,1.013756294719,
    12.083327876176));
#187 = CARTESIAN_POINT('',(18.03933831294,9.697539605538,12.500012990347
    ));
#188 = CARTESIAN_POINT('',(12.35201892133,17.171556574149,
    12.916648146051));
#189 = CARTESIAN_POINT('',(3.407927789637,20.876320432306,
    13.333352265464));
#190 = CARTESIAN_POINT('',(-5.898542402159,19.612934474472,
    13.749987421175));
#191 = CARTESIAN_POINT('',(-12.96582094447,14.399488888852,
    14.166672535336));
#192 = CARTESIAN_POINT('',(-16.49999999267,7.1994826673,14.58333218728)
  );
#193 = CARTESIAN_POINT('',(-16.5000000041,-7.199482641102,
    15.416668224236));
#194 = CARTESIAN_POINT('',(-12.96582096733,-14.39948886826,
    15.833327876185));
#195 = CARTESIAN_POINT('',(-5.898542433304,-19.6129344651,
    16.250012990332));
#196 = CARTESIAN_POINT('',(3.4079277565,-20.87632043772,16.666648146068)
  );
#197 = CARTESIAN_POINT('',(12.352018894054,-17.17155659375,
    17.083352265448));
#198 = CARTESIAN_POINT('',(18.039338297553,-9.697539634186,
    17.499987421187));
#199 = CARTESIAN_POINT('',(19.350196152412,-1.01375632544,17.91667253533
    ));
#200 = CARTESIAN_POINT('',(16.75806489948,6.576458869313,18.333332187281
    ));
#201 = CARTESIAN_POINT('',(6.576458895922,16.758064889038,
    19.166668224238));
#202 = CARTESIAN_POINT('',(-1.013756294722,19.350196154024,
    19.583327876174));
#203 = CARTESIAN_POINT('',(-9.69753960553,18.039338312945,
    20.000012990355));
#204 = CARTESIAN_POINT('',(-17.17155657416,12.352018921324,
    20.416648146037));
#205 = CARTESIAN_POINT('',(-20.87632043229,3.407927789643,20.83335226548
    ));
#206 = CARTESIAN_POINT('',(-19.61293447448,-5.898542402162,
    21.249987421163));
#207 = CARTESIAN_POINT('',(-14.39948888884,-12.96582094446,
    21.666672535343));
#208 = CARTESIAN_POINT('',(-7.199482667302,-16.49999999267,
    22.083332187279));
#209 = CARTESIAN_POINT('',(7.199482641103,-16.5000000041,22.916668224237
    ));
#210 = CARTESIAN_POINT('',(14.399488868263,-12.96582096733,
    23.33332787618));
#211 = CARTESIAN_POINT('',(19.612934465109,-5.898542433307,
    23.750012990343));
#212 = CARTESIAN_POINT('',(20.876320437718,3.407927756507,
    24.166648146051));
#213 = CARTESIAN_POINT('',(17.171556593757,12.352018894044,
    24.583352265465));
#214 = CARTESIAN_POINT('',(9.697539634183,18.039338297561,
    24.999987421174));
#215 = CARTESIAN_POINT('',(1.013756325442,19.350196152408,
    25.416672535337));
#216 = CARTESIAN_POINT('',(-6.576458869314,16.758064899481,
    25.833332187279));
#217 = CARTESIAN_POINT('',(-16.75806488903,6.576458895922,
    26.666668224242));
#218 = CARTESIAN_POINT('',(-19.35019615402,-1.013756294719,
    27.083327876163));
#219 = CARTESIAN_POINT('',(-18.03933831294,-9.697539605541,
    27.50001299037));
#220 = CARTESIAN_POINT('',(-12.35201892133,-17.17155657414,
    27.91664814602));
#221 = CARTESIAN_POINT('',(-3.407927789635,-20.87632043231,
    28.333352265495));
#222 = CARTESIAN_POINT('',(5.898542402157,-19.61293447446,
    28.749987421151));
#223 = CARTESIAN_POINT('',(12.965820944471,-14.39948888885,
    29.16667253535));
#224 = CARTESIAN_POINT('',(16.499999992672,-7.1994826673,29.583332187275
    ));
#225 = CARTESIAN_POINT('',(16.500000004104,7.199482641102,
    30.416668224241));
#226 = CARTESIAN_POINT('',(12.965820967333,14.399488868269,
    30.833327876169));
#227 = CARTESIAN_POINT('',(5.898542433301,19.612934465097,
    31.250012990359));
#228 = CARTESIAN_POINT('',(-3.407927756495,20.876320437731,
    31.666648146034));
#229 = CARTESIAN_POINT('',(-12.35201889405,17.171556593748,
    32.083352265483));
#230 = CARTESIAN_POINT('',(-18.03933829755,9.697539634188,
    32.499987421159));
#231 = CARTESIAN_POINT('',(-19.35019615241,1.013756325441,
    32.916672535346));
#232 = CARTESIAN_POINT('',(-16.75806489948,-6.576458869314,
    33.333332187278));
#233 = CARTESIAN_POINT('',(-6.576458895921,-16.75806488903,
    34.166668224237));
#234 = CARTESIAN_POINT('',(1.013756294716,-19.35019615402,
    34.583327876186));
#235 = CARTESIAN_POINT('',(9.697539605545,-18.03933831294,
    35.000012990328));
#236 = CARTESIAN_POINT('',(17.17155657414,-12.35201892132,
    35.416648146075));
#237 = CARTESIAN_POINT('',(20.876320432311,-3.407927789644,
    35.833352265439));
#238 = CARTESIAN_POINT('',(19.612934474471,5.898542402163,
    36.249987421197));
#239 = CARTESIAN_POINT('',(14.399488888851,12.965820944468,
    36.666672535321));
#240 = CARTESIAN_POINT('',(7.199482667301,16.499999992673,
    37.083332187288));
#241 = CARTESIAN_POINT('',(-7.199482641104,16.500000004104,
    37.916668224226));
#242 = CARTESIAN_POINT('',(-14.39948886825,12.96582096733,
    38.333327876213));
#243 = CARTESIAN_POINT('',(-19.61293446512,5.898542433306,
    38.750012990286));
#244 = CARTESIAN_POINT('',(-20.8763204377,-3.407927756503,
    39.166648146124));
#245 = CARTESIAN_POINT('',(-17.17155659376,-12.35201889405,
    39.583352265395));
#246 = CARTESIAN_POINT('',(-9.697539634179,-18.03933829755,
    39.999987421226));
#247 = CARTESIAN_POINT('',(-1.013756325442,-19.35019615241,
    40.416672535309));
#248 = CARTESIAN_POINT('',(6.576458869313,-16.75806489948,
    40.833332187287));
#249 = CARTESIAN_POINT('',(16.758064889038,-6.576458895921,
    41.666668224235));
#250 = CARTESIAN_POINT('',(19.350196154023,1.013756294718,
    42.083327876182));
#251 = CARTESIAN_POINT('',(18.039338312947,9.697539605539,42.50001299034
    ));
#252 = CARTESIAN_POINT('',(12.352018921323,17.17155657415,
    42.916648146059));
#253 = CARTESIAN_POINT('',(3.407927789644,20.876320432302,
    43.333352265454));
#254 = CARTESIAN_POINT('',(-5.898542402163,19.612934474476,
    43.749987421185));
#255 = CARTESIAN_POINT('',(-12.96582094446,14.39948888885,
    44.166672535329));
#256 = CARTESIAN_POINT('',(-16.49999999267,7.199482667301,
    44.583332187283));
#257 = CARTESIAN_POINT('',(-16.5000000041,-7.199482641103,
    45.416668224233));
#258 = CARTESIAN_POINT('',(-12.96582096733,-14.39948886826,
    45.833327876192));
#259 = CARTESIAN_POINT('',(-5.89854243331,-19.61293446511,
    46.250012990322));
#260 = CARTESIAN_POINT('',(3.407927756511,-20.8763204377,46.666648146078
    ));
#261 = CARTESIAN_POINT('',(12.352018894043,-17.17155659376,
    47.083352265442));
#262 = CARTESIAN_POINT('',(18.03933829756,-9.697539634181,
    47.499987421188));
#263 = CARTESIAN_POINT('',(19.350196152409,-1.013756325442,
    47.916672535331));
#264 = CARTESIAN_POINT('',(16.758064899481,6.576458869313,
    48.333332187281));
#265 = CARTESIAN_POINT('',(6.57645889592,16.758064889039,49.166668224237
    ));
#266 = CARTESIAN_POINT('',(-1.013756294717,19.350196154021,
    49.583327876169));
#267 = CARTESIAN_POINT('',(-9.697539605543,18.039338312949,
    50.000012990386));
#268 = CARTESIAN_POINT('',(-17.17155657414,12.352018921324,
    50.416648145955));
#269 = CARTESIAN_POINT('',(-20.8763204323,3.407927789635,50.833352265621
    ));
#270 = CARTESIAN_POINT('',(-19.61293447447,-5.898542402149,
    51.249987420983));
#271 = CARTESIAN_POINT('',(-14.39948888884,-12.96582094448,
    51.666672535521));
#272 = CARTESIAN_POINT('',(-7.199482667302,-16.49999999266,
    52.08333218714));
#273 = CARTESIAN_POINT('',(7.199482641105,-16.50000000412,
    52.916668224542));
#274 = CARTESIAN_POINT('',(14.399488868251,-12.96582096722,
    53.333327874533));
#275 = CARTESIAN_POINT('',(19.612934465144,-5.898542433575,
    53.750012994644));
#276 = CARTESIAN_POINT('',(20.876320437652,3.407927756992,
    54.166648138226));
#277 = CARTESIAN_POINT('',(17.171556593847,12.352018893366,
    54.583352276345));
#278 = CARTESIAN_POINT('',(9.697539634088,18.039338298312,
    54.999987409208));
#279 = CARTESIAN_POINT('',(1.013756325525,19.350196151742,
    55.416672545866));
#280 = CARTESIAN_POINT('',(-6.57645886937,16.758064899951,
    55.833332179896));
#281 = CARTESIAN_POINT('',(-16.75806488891,6.576458894936,
    56.666668239702));
#282 = CARTESIAN_POINT('',(-19.35019615467,-1.013756289401,
    57.083327792678));
#283 = CARTESIAN_POINT('',(-18.03933831125,-9.69753961944,
    57.500013208709));
#284 = CARTESIAN_POINT('',(-12.35201892441,-17.17155654882,
    57.91664774825));
#285 = CARTESIAN_POINT('',(-3.407927785327,-20.87632046752,
    58.333352818816));
#286 = CARTESIAN_POINT('',(5.898542397402,-19.61293443572,
    58.749986812426));
#287 = CARTESIAN_POINT('',(12.965820948664,-14.39948892295,
    59.166673071175));
#288 = CARTESIAN_POINT('',(16.499999989729,-7.199482643374,
    59.58333181141));
#289 = CARTESIAN_POINT('',(16.5,-2.619793446762E-08,60.000000411516));
#290 = CARTESIAN_POINT('',(16.5,-1.311450947838E-15,2.492314613357));
#291 = CARTESIAN_POINT('',(16.499996723086,7.199482441888,2.908983213467
    ));
#292 = CARTESIAN_POINT('',(12.965828969588,14.399488090637,
    3.325641953691));
#293 = CARTESIAN_POINT('',(5.898530188858,19.612936973127,3.742328212458
    ));
#294 = CARTESIAN_POINT('',(-3.40791882248,20.876312634457,4.158962206046
    ));
#295 = CARTESIAN_POINT('',(-12.35201894246,17.171567063281,
    4.575667276635));
#296 = CARTESIAN_POINT('',(-18.03934330478,9.697529496345,4.992301816155
    ));
#297 = CARTESIAN_POINT('',(-19.35019105505,1.013761891276,5.4089872322)
  );
#298 = CARTESIAN_POINT('',(-16.75806616755,-6.576460359431,
    5.825646785171));
#299 = CARTESIAN_POINT('',(-6.576457143925,-16.75806290149,
    6.658982844975));
#300 = CARTESIAN_POINT('',(1.013750695379,-19.3502005878,7.075642479016)
  );
#301 = CARTESIAN_POINT('',(9.697549345262,-18.03933219488,7.492327615647
    ));
#302 = CARTESIAN_POINT('',(17.171545368003,-12.352019024,7.908962748554)
  );
#303 = CARTESIAN_POINT('',(20.876327417483,-3.407935659481,8.32566688662
    ));
#304 = CARTESIAN_POINT('',(19.612931094784,5.898553386372,8.742302030254
    ));
#305 = CARTESIAN_POINT('',(14.399489125198,12.965813299275,
    9.158987150326));
#306 = CARTESIAN_POINT('',(7.199482527875,16.500001962491,9.575646800335
    ));
#307 = CARTESIAN_POINT('',(-7.199482482936,16.49999735055,
    10.408982837735));
#308 = CARTESIAN_POINT('',(-14.39948803212,12.965828075065,
    10.825642489339));
#309 = CARTESIAN_POINT('',(-19.6129370396,5.898531205111,11.242327603917
    ));
#310 = CARTESIAN_POINT('',(-20.87631257403,-3.407919746273,
    11.658962759219));
#311 = CARTESIAN_POINT('',(-17.17156710672,-12.35201827833,
    12.07566687895));
#312 = CARTESIAN_POINT('',(-9.697529472496,-18.03934366935,
    12.492302034466));
#313 = CARTESIAN_POINT('',(-1.013761900398,-19.35019091563,
    12.908987148715));
#314 = CARTESIAN_POINT('',(6.576460361122,-16.75806619338,
    13.325646800633));
#315 = CARTESIAN_POINT('',(16.758062900681,-6.576457131595,
    14.158982837596));
#316 = CARTESIAN_POINT('',(19.35020058896,1.01375067779,14.575642489533)
  );
#317 = CARTESIAN_POINT('',(18.039332193571,9.697549365258,
    14.992327603702));
#318 = CARTESIAN_POINT('',(12.35201902519,17.171545349815,15.40896275941
    ));
#319 = CARTESIAN_POINT('',(3.407935658649,20.876327430564,
    15.825666878816));
#320 = CARTESIAN_POINT('',(-5.898553385928,19.612931087601,
    16.242302034536));
#321 = CARTESIAN_POINT('',(-12.96581329943,14.399489127944,
    16.658987148691));
#322 = CARTESIAN_POINT('',(-16.50000196246,7.199482527367,
    17.075646800637));
#323 = CARTESIAN_POINT('',(-16.49999735056,-7.199482482693,
    17.908982837592));
#324 = CARTESIAN_POINT('',(-12.96582807505,-14.39948803246,
    18.325642489542));
#325 = CARTESIAN_POINT('',(-5.898531205118,-19.61293703921,
    18.742327603686));
#326 = CARTESIAN_POINT('',(3.407919746278,-20.87631257437,19.15896275943
    ));
#327 = CARTESIAN_POINT('',(12.352018278332,-17.17156710647,
    19.575666878798));
#328 = CARTESIAN_POINT('',(18.039343669366,-9.69752947263,
    19.992302034548));
#329 = CARTESIAN_POINT('',(19.350190915628,-1.013761900347,
    20.408987148684));
#330 = CARTESIAN_POINT('',(16.758066193383,6.576460361113,
    20.825646800638));
#331 = CARTESIAN_POINT('',(6.576457131593,16.758062900683,
    21.658982837595));
#332 = CARTESIAN_POINT('',(-1.013750677782,19.350200588958,
    22.075642489531));
#333 = CARTESIAN_POINT('',(-9.697549365269,18.039332193578,
    22.492327603709));
#334 = CARTESIAN_POINT('',(-17.1715453498,12.352019025174,
    22.908962759399));
#335 = CARTESIAN_POINT('',(-20.87632743056,3.407935658675,23.32566687883
    ));
#336 = CARTESIAN_POINT('',(-19.6129310876,-5.898553385953,
    23.742302034525));
#337 = CARTESIAN_POINT('',(-14.39948912793,-12.96581329942,
    24.158987148697));
#338 = CARTESIAN_POINT('',(-7.199482527368,-16.50000196246,
    24.575646800636));
#339 = CARTESIAN_POINT('',(7.199482482694,-16.49999735055,
    25.408982837593));
#340 = CARTESIAN_POINT('',(14.399488032463,-12.96582807506,
    25.825642489538));
#341 = CARTESIAN_POINT('',(19.612937039222,-5.898531205112,
    26.242327603698));
#342 = CARTESIAN_POINT('',(20.876312574367,3.407919746279,
    26.658962759412));
#343 = CARTESIAN_POINT('',(17.171567106492,12.352018278322,
    27.075666878816));
#344 = CARTESIAN_POINT('',(9.697529472612,18.03934366938,27.492302034535
    ));
#345 = CARTESIAN_POINT('',(1.013761900359,19.350190915618,
    27.908987148691));
#346 = CARTESIAN_POINT('',(-6.576460361118,16.758066193388,
    28.325646800636));
#347 = CARTESIAN_POINT('',(-16.75806290067,6.576457131586,
    29.158982837599));
#348 = CARTESIAN_POINT('',(-19.35020058897,-1.013750677752,
    29.57564248952));
#349 = CARTESIAN_POINT('',(-18.03933219356,-9.69754936533,
    29.992327603725));
#350 = CARTESIAN_POINT('',(-12.35201902517,-17.17154534972,
    30.408962759381));
#351 = CARTESIAN_POINT('',(-3.407935658698,-20.87632743063,
    30.825666878846));
#352 = CARTESIAN_POINT('',(5.898553385984,-19.61293108756,
    31.242302034512));
#353 = CARTESIAN_POINT('',(12.965813299401,-14.39948912795,
    31.658987148704));
#354 = CARTESIAN_POINT('',(16.500001962477,-7.199482527366,
    32.075646800632));
#355 = CARTESIAN_POINT('',(16.499997350546,7.199482482692,
    32.908982837598));
#356 = CARTESIAN_POINT('',(12.965828075099,14.399488032459,
    33.325642489526));
#357 = CARTESIAN_POINT('',(5.898531205051,19.612937039246,
    33.742327603714));
#358 = CARTESIAN_POINT('',(-3.407919746221,20.876312574317,
    34.158962759393));
#359 = CARTESIAN_POINT('',(-12.35201827835,17.171567106552,
    34.575666878835));
#360 = CARTESIAN_POINT('',(-18.03934366937,9.697529472568,
    34.992302034519));
#361 = CARTESIAN_POINT('',(-19.35019091561,1.013761900378,35.4089871487)
  );
#362 = CARTESIAN_POINT('',(-16.75806619338,-6.576460361118,
    35.825646800635));
#363 = CARTESIAN_POINT('',(-6.576457131594,-16.75806290068,
    36.658982837593));
#364 = CARTESIAN_POINT('',(1.013750677798,-19.35020058894,
    37.075642489542));
#365 = CARTESIAN_POINT('',(9.697549365233,-18.03933219359,
    37.492327603684));
#366 = CARTESIAN_POINT('',(17.171545349858,-12.35201902519,
    37.908962759434));
#367 = CARTESIAN_POINT('',(20.876327430517,-3.407935658616,
    38.325666878792));
#368 = CARTESIAN_POINT('',(19.612931087635,5.898553385878,
    38.742302034557));
#369 = CARTESIAN_POINT('',(14.39948912793,12.965813299478,
    39.158987148676));
#370 = CARTESIAN_POINT('',(7.199482527369,16.500001962446,
    39.575646800645));
#371 = CARTESIAN_POINT('',(-7.199482482694,16.499997350586,
    40.408982837582));
#372 = CARTESIAN_POINT('',(-14.39948803247,12.965828074982,
    40.825642489571));
#373 = CARTESIAN_POINT('',(-19.61293703916,5.898531205226,
    41.242327603639));
#374 = CARTESIAN_POINT('',(-20.87631257447,-3.407919746367,
    41.658962759487));
#375 = CARTESIAN_POINT('',(-17.17156710635,-12.3520182783,
    42.075666878744));
#376 = CARTESIAN_POINT('',(-9.697529472723,-18.03934366934,
    42.492302034588));
#377 = CARTESIAN_POINT('',(-1.013761900301,-19.35019091565,
    42.908987148663));
#378 = CARTESIAN_POINT('',(6.576460361102,-16.75806619337,
    43.325646800644));
#379 = CARTESIAN_POINT('',(16.75806290069,-6.5764571316,44.158982837591)
  );
#380 = CARTESIAN_POINT('',(19.350200588946,1.013750677798,
    44.575642489538));
#381 = CARTESIAN_POINT('',(18.039332193586,9.697549365241,
    44.992327603696));
#382 = CARTESIAN_POINT('',(12.352019025185,17.171545349843,
    45.408962759418));
#383 = CARTESIAN_POINT('',(3.407935658641,20.876327430532,
    45.825666878806));
#384 = CARTESIAN_POINT('',(-5.898553385911,19.612931087625,
    46.242302034546));
#385 = CARTESIAN_POINT('',(-12.96581329945,14.399489127934,
    46.658987148683));
#386 = CARTESIAN_POINT('',(-16.50000196245,7.199482527369,47.07564680064
    ));
#387 = CARTESIAN_POINT('',(-16.49999735056,-7.199482482694,
    47.908982837589));
#388 = CARTESIAN_POINT('',(-12.96582807503,-14.39948803246,
    48.325642489549));
#389 = CARTESIAN_POINT('',(-5.898531205151,-19.61293703921,
    48.742327603677));
#390 = CARTESIAN_POINT('',(3.407919746313,-20.87631257439,
    49.158962759437));
#391 = CARTESIAN_POINT('',(12.352018278308,-17.17156710645,
    49.575666878794));
#392 = CARTESIAN_POINT('',(18.039343669376,-9.697529472646,
    49.992302034549));
#393 = CARTESIAN_POINT('',(19.350190915625,-1.013761900336,
    50.408987148685));
#394 = CARTESIAN_POINT('',(16.758066193383,6.576460361106,
    50.825646800638));
#395 = CARTESIAN_POINT('',(6.576457131595,16.758062900698,
    51.658982837593));
#396 = CARTESIAN_POINT('',(-1.013750677782,19.350200588918,
    52.075642489527));
#397 = CARTESIAN_POINT('',(-9.69754936531,18.039332193614,
    52.492327603739));
#398 = CARTESIAN_POINT('',(-17.17154534966,12.352019025191,
    52.908962759319));
#399 = CARTESIAN_POINT('',(-20.87632743083,3.40793565859,53.325666878969
    ));
#400 = CARTESIAN_POINT('',(-19.61293108725,-5.898553385848,
    53.742302034346));
#401 = CARTESIAN_POINT('',(-14.39948912827,-12.96581329949,
    54.158987148874));
#402 = CARTESIAN_POINT('',(-7.199482527126,-16.50000196245,
    54.575646800497));
#403 = CARTESIAN_POINT('',(7.199482482189,-16.49999735056,
    55.408982837898));
#404 = CARTESIAN_POINT('',(14.399488035171,-12.96582807505,
    55.825642487889));
#405 = CARTESIAN_POINT('',(19.612937032154,-5.89853120515,56.242327608)
  );
#406 = CARTESIAN_POINT('',(20.876312587241,3.407919746382,
    56.658962751584));
#407 = CARTESIAN_POINT('',(17.171567088566,12.35201827814,
    57.075666889698));
#408 = CARTESIAN_POINT('',(9.697529492361,18.039343669603,
    57.492302022568));
#409 = CARTESIAN_POINT('',(1.013761882958,19.350190915416,
    57.908987159221));
#410 = CARTESIAN_POINT('',(-6.576460348901,16.758066193525,
    58.325646793253));
#411 = CARTESIAN_POINT('',(-16.75806292627,6.57645713131,59.158982853058
    ));
#412 = CARTESIAN_POINT('',(-19.3502004508,-1.013750676254,
    59.575642406035));
#413 = CARTESIAN_POINT('',(-18.03933255477,-9.69754936929,
    59.992327822064));
#414 = CARTESIAN_POINT('',(-12.35201836726,-17.17154534243,
    60.40896236161));
#415 = CARTESIAN_POINT('',(-3.407936573769,-20.87632744087,
    60.825667432168));
#416 = CARTESIAN_POINT('',(5.898554392622,-19.61293107621,
    61.242301425787));
#417 = CARTESIAN_POINT('',(12.965812413325,-14.39948913798,
    61.65898768453));
#418 = CARTESIAN_POINT('',(16.500002584041,-7.199482520316,
    62.075646424767));
#419 = CARTESIAN_POINT('',(16.499999316249,-2.619802299403E-08,
    62.492315024872));
#420 = CARTESIAN_POINT('',(13.418177714178,-2.081668171172E-17,
    2.850168574868));
#421 = CARTESIAN_POINT('',(13.418173964207,5.854784894958,3.266833202625
    ));
#422 = CARTESIAN_POINT('',(10.544111558379,11.709989859147,
    3.683508228108));
#423 = CARTESIAN_POINT('',(4.796815972815,15.949694955172,4.100154233959
    ));
#424 = CARTESIAN_POINT('',(-2.771396124754,16.977089754881,4.51685535597
    ));
#425 = CARTESIAN_POINT('',(-10.04494152172,13.964313873807,
    4.933481523833));
#426 = CARTESIAN_POINT('',(-14.67001211487,7.886252721752,5.350182070143
    ));
#427 = CARTESIAN_POINT('',(-15.73601441001,0.824413943018,5.766828964672
    ));
#428 = CARTESIAN_POINT('',(-13.62804411471,-5.348127958588,
    6.183503133081));
#429 = CARTESIAN_POINT('',(-5.348124220611,-13.62804040135,
    7.016833591216));
#430 = CARTESIAN_POINT('',(0.824401195247,-15.73602531087,7.433507674132
    ));
#431 = CARTESIAN_POINT('',(7.886275514361,-14.66999937051,7.850154863316
    ));
#432 = CARTESIAN_POINT('',(13.96428905071,-10.0449415634,8.266854783879)
  );
#433 = CARTESIAN_POINT('',(16.977106749962,-2.771415295785,
    8.683481935115));
#434 = CARTESIAN_POINT('',(15.949688126951,4.796842558467,9.10018184437)
  );
#435 = CARTESIAN_POINT('',(11.709991072013,10.54409369779,9.516829051011
    ));
#436 = CARTESIAN_POINT('',(5.8547848831,13.418179974513,9.933503117089)
  );
#437 = CARTESIAN_POINT('',(-5.854784889297,13.418174675312,
    10.766833598852));
#438 = CARTESIAN_POINT('',(-11.70998986721,10.544110544616,
    11.183507663241));
#439 = CARTESIAN_POINT('',(-15.94969494599,4.796817124537,
    11.600154875695));
#440 = CARTESIAN_POINT('',(-16.97708976322,-2.771397171691,
    12.016854772621));
#441 = CARTESIAN_POINT('',(-13.9643138678,-10.04494076906,
    12.433481943212));
#442 = CARTESIAN_POINT('',(-7.886252725045,-14.67001252805,
    12.850181839924));
#443 = CARTESIAN_POINT('',(-0.82441394176,-15.73601425201,
    13.266829052711));
#444 = CARTESIAN_POINT('',(5.348127958356,-13.62804414398,
    13.683503116776));
#445 = CARTESIAN_POINT('',(13.628040401461,-5.348124206637,
    14.516833598997));
#446 = CARTESIAN_POINT('',(15.736025310722,0.824401175311,
    14.933507663047));
#447 = CARTESIAN_POINT('',(14.669999370695,7.886275537027,
    15.350154875899));
#448 = CARTESIAN_POINT('',(10.044941563226,13.964289030093,
    15.766854772451));
#449 = CARTESIAN_POINT('',(2.771415295931,16.97710676479,16.183481943323
    ));
#450 = CARTESIAN_POINT('',(-4.796842558561,15.94968811881,
    16.600181839869));
#451 = CARTESIAN_POINT('',(-10.54409369774,11.709991075125,
    17.01682905273));
#452 = CARTESIAN_POINT('',(-13.41817997452,5.854784882524,
    17.433503116772));
#453 = CARTESIAN_POINT('',(-13.4181746753,-5.854784889021,
    18.266833599001));
#454 = CARTESIAN_POINT('',(-10.54411054463,-11.70998986761,
    18.683507663034));
#455 = CARTESIAN_POINT('',(-4.796817124514,-15.94969494555,
    19.100154875924));
#456 = CARTESIAN_POINT('',(2.771397171674,-16.97708976362,
    19.516854772416));
#457 = CARTESIAN_POINT('',(10.044940769067,-13.96431386751,
    19.933481943358));
#458 = CARTESIAN_POINT('',(14.670012528057,-7.886252725203,
    20.350181839844));
#459 = CARTESIAN_POINT('',(15.736014252007,-0.8244139417,20.766829052741
    ));
#460 = CARTESIAN_POINT('',(13.628044143986,5.348127958346,
    21.183503116771));
#461 = CARTESIAN_POINT('',(5.348124206634,13.628040401464,
    22.016833598998));
#462 = CARTESIAN_POINT('',(-0.824401175303,15.736025310722,
    22.433507663052));
#463 = CARTESIAN_POINT('',(-7.886275537039,14.669999370697,
    22.850154875884));
#464 = CARTESIAN_POINT('',(-13.96428903008,10.044941563212,
    23.266854772474));
#465 = CARTESIAN_POINT('',(-16.97710676479,2.771415295958,
    23.683481943298));
#466 = CARTESIAN_POINT('',(-15.94968811881,-4.79684255859,
    24.100181839887));
#467 = CARTESIAN_POINT('',(-11.70999107512,-10.54409369773,
    24.516829052721));
#468 = CARTESIAN_POINT('',(-5.854784882525,-13.41817997452,
    24.933503116774));
#469 = CARTESIAN_POINT('',(5.854784889022,-13.4181746753,25.766833599));
#470 = CARTESIAN_POINT('',(11.709989867611,-10.54411054463,
    26.183507663037));
#471 = CARTESIAN_POINT('',(15.949694945556,-4.796817124507,
    26.600154875915));
#472 = CARTESIAN_POINT('',(16.977089763617,2.771397171671,
    27.016854772433));
#473 = CARTESIAN_POINT('',(13.964313867537,10.044940769061,
    27.433481943337));
#474 = CARTESIAN_POINT('',(7.886252725183,14.670012528069,
    27.850181839862));
#475 = CARTESIAN_POINT('',(0.824413941714,15.736014251997,
    28.266829052731));
#476 = CARTESIAN_POINT('',(-5.348127958351,13.628044143991,
    28.683503116775));
#477 = CARTESIAN_POINT('',(-13.62804040145,5.348124206626,
    29.516833598991));
#478 = CARTESIAN_POINT('',(-15.73602531073,-0.824401175268,
    29.933507663075));
#479 = CARTESIAN_POINT('',(-14.66999937068,-7.886275537108,
    30.350154875842));
#480 = CARTESIAN_POINT('',(-10.04494156319,-13.96428902999,
    30.766854772528));
#481 = CARTESIAN_POINT('',(-2.771415295994,-16.97710676486,
    31.183481943249));
#482 = CARTESIAN_POINT('',(4.79684255863,-15.94968811877,31.600181839921
    ));
#483 = CARTESIAN_POINT('',(10.544093697703,-11.70999107513,
    32.016829052704));
#484 = CARTESIAN_POINT('',(13.418179974539,-5.854784882524,
    32.43350311678));
#485 = CARTESIAN_POINT('',(13.418174675288,5.854784889022,
    33.266833598992));
#486 = CARTESIAN_POINT('',(10.54411054468,11.709989867603,
    33.683507663064));
#487 = CARTESIAN_POINT('',(4.796817124448,15.949694945586,
    34.100154875864));
#488 = CARTESIAN_POINT('',(-2.771397171624,16.977089763561,
    34.516854772499));
#489 = CARTESIAN_POINT('',(-10.04494076907,13.9643138676,34.933481943275
    ));
#490 = CARTESIAN_POINT('',(-14.67001252808,7.886252725138,
    35.350181839904));
#491 = CARTESIAN_POINT('',(-15.73601425197,0.824413941731,
    35.766829052713));
#492 = CARTESIAN_POINT('',(-13.62804414399,-5.348127958351,
    36.183503116776));
#493 = CARTESIAN_POINT('',(-5.348124206635,-13.62804040146,37.016833599)
  );
#494 = CARTESIAN_POINT('',(0.824401175319,-15.7360253107,37.433507663033
    ));
#495 = CARTESIAN_POINT('',(7.886275536999,-14.66999937071,
    37.850154875933));
#496 = CARTESIAN_POINT('',(13.964289030139,-10.04494156323,
    38.266854772395));
#497 = CARTESIAN_POINT('',(16.977106764742,-2.771415295888,
    38.683481943389));
#498 = CARTESIAN_POINT('',(15.949688118842,4.796842558501,
    39.100181839813));
#499 = CARTESIAN_POINT('',(11.709991075114,10.544093697794,
    39.516829052764));
#500 = CARTESIAN_POINT('',(5.854784882525,13.418179974503,
    39.933503116759));
#501 = CARTESIAN_POINT('',(-5.854784889021,13.418174675332,
    40.766833599018));
#502 = CARTESIAN_POINT('',(-11.70998986762,10.544110544552,
    41.183507662975));
#503 = CARTESIAN_POINT('',(-15.94969494549,4.796817124629,
    41.600154876035));
#504 = CARTESIAN_POINT('',(-16.97708976373,-2.771397171757,
    42.016854772274));
#505 = CARTESIAN_POINT('',(-13.96431386739,-10.04494076905,
    42.433481943489));
#506 = CARTESIAN_POINT('',(-7.886252725301,-14.67001252801,
    42.850181839757));
#507 = CARTESIAN_POINT('',(-0.824413941652,-15.73601425204,
    43.266829052781));
#508 = CARTESIAN_POINT('',(5.348127958334,-13.62804414397,
    43.683503116761));
#509 = CARTESIAN_POINT('',(13.628040401471,-5.348124206643,
    44.516833599004));
#510 = CARTESIAN_POINT('',(15.73602531071,0.824401175323,44.933507663038
    ));
#511 = CARTESIAN_POINT('',(14.669999370704,7.886275537003,
    45.350154875914));
#512 = CARTESIAN_POINT('',(10.044941563228,13.964289030128,
    45.766854772428));
#513 = CARTESIAN_POINT('',(2.771415295913,16.977106764754,
    46.183481943352));
#514 = CARTESIAN_POINT('',(-4.796842558537,15.949688118835,
    46.600181839843));
#515 = CARTESIAN_POINT('',(-10.54409369776,11.709991075116,
    47.016829052746));
#516 = CARTESIAN_POINT('',(-13.41817997451,5.854784882525,
    47.433503116766));
#517 = CARTESIAN_POINT('',(-13.41817467531,-5.854784889021,
    48.266833599007));
#518 = CARTESIAN_POINT('',(-10.54411054461,-11.70998986761,
    48.683507663017));
#519 = CARTESIAN_POINT('',(-4.796817124548,-15.94969494554,
    49.100154875951));
#520 = CARTESIAN_POINT('',(2.771397171704,-16.97708976364,
    49.516854772387));
#521 = CARTESIAN_POINT('',(10.044940769051,-13.9643138675,
    49.933481943379));
#522 = CARTESIAN_POINT('',(14.67001252806,-7.886252725219,
    50.350181839834));
#523 = CARTESIAN_POINT('',(15.736014252008,-0.824413941689,
    50.766829052745));
#524 = CARTESIAN_POINT('',(13.628044143985,5.348127958338,
    51.183503116768));
#525 = CARTESIAN_POINT('',(5.348124206637,13.628040401481,
    52.016833599004));
#526 = CARTESIAN_POINT('',(-0.824401175301,15.736025310674,
    52.433507663034));
#527 = CARTESIAN_POINT('',(-7.886275537092,14.669999370747,
    52.850154875902));
#528 = CARTESIAN_POINT('',(-13.96428902991,10.044941563215,
    53.266854772489));
#529 = CARTESIAN_POINT('',(-16.97710676511,2.771415295884,
    53.683481943219));
#530 = CARTESIAN_POINT('',(-15.94968811839,-4.796842558498,
    54.100181840032));
#531 = CARTESIAN_POINT('',(-11.70999107551,-10.54409369778,
    54.51682905255));
#532 = CARTESIAN_POINT('',(-5.854784882244,-13.41817997452,
    54.933503116918));
#533 = CARTESIAN_POINT('',(5.85478488844,-13.41817467526,55.766833598678
    ));
#534 = CARTESIAN_POINT('',(11.709989870732,-10.54411054486,
    56.183507664788));
#535 = CARTESIAN_POINT('',(15.949694937406,-4.796817123955,
    56.600154871351));
#536 = CARTESIAN_POINT('',(16.977089778469,2.771397170705,
    57.016854780724));
#537 = CARTESIAN_POINT('',(13.964313846852,10.044940770363,
    57.433481931831));
#538 = CARTESIAN_POINT('',(7.886252747971,14.670012526658,
    57.850181852497));
#539 = CARTESIAN_POINT('',(0.824413921633,15.736014253237,
    58.266829041624));
#540 = CARTESIAN_POINT('',(-5.348127944254,13.628044143114,
    58.683503124558));
#541 = CARTESIAN_POINT('',(-13.62804043099,5.348124208476,
    59.516833582695));
#542 = CARTESIAN_POINT('',(-15.7360251513,-0.824401185245,
    59.933507751084));
#543 = CARTESIAN_POINT('',(-14.6699997875,-7.886275511076,
    60.350154645659));
#544 = CARTESIAN_POINT('',(-10.044940804,-13.96428907731,60.766855191904
    ));
#545 = CARTESIAN_POINT('',(-2.771416351957,-16.97710669916,
    61.18348135983));
#546 = CARTESIAN_POINT('',(4.796843720273,-15.94968819096,
    61.600182481797));
#547 = CARTESIAN_POINT('',(10.544092675178,-11.70999101163,
    62.016828487672));
#548 = CARTESIAN_POINT('',(13.418180691821,-5.854784927055,
    62.433503513144));
#549 = CARTESIAN_POINT('',(13.418176932251,2.762682214247E-08,
    62.850168140905));
#550 = CARTESIAN_POINT('',(10.876324618487,-1.436351038109E-15,
    7.105427357601E-15));
#551 = CARTESIAN_POINT('',(10.8763246153,4.745693382309,0.416661351403)
  );
#552 = CARTESIAN_POINT('',(8.546695603012,9.491722349065,0.833349808789)
  );
#553 = CARTESIAN_POINT('',(3.888149662015,12.928290050822,1.249962614476
    ));
#554 = CARTESIAN_POINT('',(-2.24641048005,13.761063539893,1.666719103272
    ));
#555 = CARTESIAN_POINT('',(-8.142089404947,11.318993504987,
    2.083280193039));
#556 = CARTESIAN_POINT('',(-11.89101851876,6.392344388743,2.500035181016
    ));
#557 = CARTESIAN_POINT('',(-12.7550877329,0.668234808857,2.916650303428)
  );
#558 = CARTESIAN_POINT('',(-11.04643478131,-4.335011034453,
    3.333336526487));
#559 = CARTESIAN_POINT('',(-4.335010958438,-11.04643480839,
    4.166662364428));
#560 = CARTESIAN_POINT('',(0.668234878476,-12.75508773211,4.583348364616
    ));
#561 = CARTESIAN_POINT('',(6.392344505963,-11.89101846964,4.999964255165
    ));
#562 = CARTESIAN_POINT('',(11.318993489043,-8.142089340463,5.41671761187
    ));
#563 = CARTESIAN_POINT('',(13.761063651785,-2.246410375637,
    5.833281265224));
#564 = CARTESIAN_POINT('',(12.928289918442,3.888149733756,6.25003459244)
  );
#565 = CARTESIAN_POINT('',(9.491722386285,8.546695677697,6.666650528509)
  );
#566 = CARTESIAN_POINT('',(4.745693244497,10.876324638577,7.083336484797
    ));
#567 = CARTESIAN_POINT('',(-4.745693316521,10.876324607231,
    7.916662384334));
#568 = CARTESIAN_POINT('',(-9.491722442855,8.546695614515,8.333348336226
    ));
#569 = CARTESIAN_POINT('',(-12.92828994426,3.888149648948,8.749964287433
    ));
#570 = CARTESIAN_POINT('',(-13.76106363676,-2.246410468177,
    9.166717582525));
#571 = CARTESIAN_POINT('',(-11.31899343534,-8.142089413478,
    9.583281286329));
#572 = CARTESIAN_POINT('',(-6.392344426977,-11.89101851408,
    10.000034580851));
#573 = CARTESIAN_POINT('',(-0.668234794235,-12.75508773469,
    10.416650532939));
#574 = CARTESIAN_POINT('',(4.335011031744,-11.04643478098,10.83333648398
    ));
#575 = CARTESIAN_POINT('',(11.046434809686,-4.335010958595,
    11.666662384713));
#576 = CARTESIAN_POINT('',(12.75508773027,0.668234878697,12.083348335714
    ));
#577 = CARTESIAN_POINT('',(11.891018471743,6.392344505716,
    12.499964287979));
#578 = CARTESIAN_POINT('',(8.142089338549,11.318993489264,
    12.916717582061));
#579 = CARTESIAN_POINT('',(2.246410377015,13.761063651628,
    13.333281286639));
#580 = CARTESIAN_POINT('',(-3.888149734513,12.928289918526,
    13.750034580695));
#581 = CARTESIAN_POINT('',(-8.546695677408,9.491722386254,
    14.166650532993));
#582 = CARTESIAN_POINT('',(-10.87632463863,4.745693244503,14.58333648397
    ));
#583 = CARTESIAN_POINT('',(-10.8763246072,-4.745693316523,
    15.416662384723));
#584 = CARTESIAN_POINT('',(-8.546695614549,-9.491722442858,
    15.833348335683));
#585 = CARTESIAN_POINT('',(-3.888149648914,-12.92828994425,
    16.249964288038));
#586 = CARTESIAN_POINT('',(2.24641046815,-13.76106363678,16.666717581982
    ));
#587 = CARTESIAN_POINT('',(8.142089413495,-11.31899343532,
    17.083281286717));
#588 = CARTESIAN_POINT('',(11.891018514074,-6.392344426991,
    17.50003458064));
#589 = CARTESIAN_POINT('',(12.755087734696,-0.668234794229,
    17.916650533019));
#590 = CARTESIAN_POINT('',(11.04643478098,4.335011031743,18.333336483967
    ));
#591 = CARTESIAN_POINT('',(4.335010958597,11.046434809686,
    19.166662384716));
#592 = CARTESIAN_POINT('',(-0.668234878703,12.755087730271,
    19.583348335725));
#593 = CARTESIAN_POINT('',(-6.392344505701,11.89101847174,
    19.999964287946));
#594 = CARTESIAN_POINT('',(-11.31899348928,8.142089338551,
    20.416717582114));
#595 = CARTESIAN_POINT('',(-13.7610636516,2.246410377015,20.833281286582
    ));
#596 = CARTESIAN_POINT('',(-12.92828991854,-3.888149734514,
    21.250034580737));
#597 = CARTESIAN_POINT('',(-9.491722386247,-8.546695677407,
    21.666650532973));
#598 = CARTESIAN_POINT('',(-4.745693244504,-10.87632463863,
    22.083336483975));
#599 = CARTESIAN_POINT('',(4.745693316524,-10.8763246072,22.916662384721
    ));
#600 = CARTESIAN_POINT('',(9.491722442858,-8.54669561455,23.333348335692
    ));
#601 = CARTESIAN_POINT('',(12.928289944252,-3.888149648912,
    23.749964288013));
#602 = CARTESIAN_POINT('',(13.761063636782,2.246410468149,
    24.166717582026));
#603 = CARTESIAN_POINT('',(11.318993435322,8.142089413494,
    24.583281286665));
#604 = CARTESIAN_POINT('',(6.392344426989,11.891018514076,
    25.000034580682));
#605 = CARTESIAN_POINT('',(0.66823479423,12.755087734694,25.416650532994
    ));
#606 = CARTESIAN_POINT('',(-4.335011031743,11.046434780981,
    25.833336483977));
#607 = CARTESIAN_POINT('',(-11.04643480968,4.335010958595,
    26.666662384701));
#608 = CARTESIAN_POINT('',(-12.75508773026,-0.668234878696,
    27.083348335776));
#609 = CARTESIAN_POINT('',(-11.89101847175,-6.392344505717,
    27.499964287856));
#610 = CARTESIAN_POINT('',(-8.14208933854,-11.31899348926,
    27.916717582225));
#611 = CARTESIAN_POINT('',(-2.246410377021,-13.76106365162,
    28.333281286479));
#612 = CARTESIAN_POINT('',(3.888149734516,-12.92828991852,
    28.750034580809));
#613 = CARTESIAN_POINT('',(8.546695677407,-9.491722386252,
    29.166650532935));
#614 = CARTESIAN_POINT('',(10.87632463863,-4.745693244503,
    29.583336483989));
#615 = CARTESIAN_POINT('',(10.876324607206,4.745693316524,
    30.416662384703));
#616 = CARTESIAN_POINT('',(8.546695614547,9.491722442858,30.833348335751
    ));
#617 = CARTESIAN_POINT('',(3.888149648921,12.928289944246,
    31.249964287907));
#618 = CARTESIAN_POINT('',(-2.246410468165,13.761063636796,
    31.666717582161));
#619 = CARTESIAN_POINT('',(-8.142089413474,11.318993435304,
    32.083281286537));
#620 = CARTESIAN_POINT('',(-11.89101851409,6.392344427005,
    32.500034580771));
#621 = CARTESIAN_POINT('',(-12.75508773468,0.668234794222,
    32.916650532955));
#622 = CARTESIAN_POINT('',(-11.04643478098,-4.335011031741,
    33.33333648398));
#623 = CARTESIAN_POINT('',(-4.335010958595,-11.04643480968,
    34.16666238472));
#624 = CARTESIAN_POINT('',(0.668234878693,-12.75508773026,
    34.583348335681));
#625 = CARTESIAN_POINT('',(6.392344505725,-11.89101847174,
    34.999964288057));
#626 = CARTESIAN_POINT('',(11.318993489249,-8.142089338549,
    35.416717581938));
#627 = CARTESIAN_POINT('',(13.761063651645,-2.246410377013,
    35.83328128678));
#628 = CARTESIAN_POINT('',(12.928289918513,3.888149734511,
    36.250034580574));
#629 = CARTESIAN_POINT('',(9.49172238626,8.546695677409,36.666650533068)
  );
#630 = CARTESIAN_POINT('',(4.745693244501,10.87632463863,37.08333648394)
  );
#631 = CARTESIAN_POINT('',(-4.745693316522,10.876324607206,
    37.916662384763));
#632 = CARTESIAN_POINT('',(-9.491722442855,8.546695614555,
    38.333348335552));
#633 = CARTESIAN_POINT('',(-12.92828994426,3.888149648896,
    38.749964288279));
#634 = CARTESIAN_POINT('',(-13.76106363675,-2.246410468118,
    39.166717581677));
#635 = CARTESIAN_POINT('',(-11.31899343535,-8.142089413531,39.583281287)
  );
#636 = CARTESIAN_POINT('',(-6.392344426968,-11.89101851404,
    40.000034580448));
#637 = CARTESIAN_POINT('',(-0.66823479424,-12.7550877347,40.416650533109
    ));
#638 = CARTESIAN_POINT('',(4.335011031746,-11.04643478097,
    40.833336483944));
#639 = CARTESIAN_POINT('',(11.046434809685,-4.335010958598,
    41.666662384729));
#640 = CARTESIAN_POINT('',(12.755087730272,0.668234878702,
    42.083348335693));
#641 = CARTESIAN_POINT('',(11.891018471738,6.392344505708,
    42.499964288011));
#642 = CARTESIAN_POINT('',(8.142089338555,11.318993489274,
    42.916717582012));
#643 = CARTESIAN_POINT('',(2.24641037701,13.761063651621,43.333281286699
    ));
#644 = CARTESIAN_POINT('',(-3.888149734511,12.92828991853,
    43.750034580639));
#645 = CARTESIAN_POINT('',(-8.546695677408,9.491722386253,
    44.166650533029));
#646 = CARTESIAN_POINT('',(-10.87632463863,4.745693244503,
    44.583336483957));
#647 = CARTESIAN_POINT('',(-10.8763246072,-4.745693316523,
    45.416662384736));
#648 = CARTESIAN_POINT('',(-8.546695614549,-9.491722442855,
    45.833348335647));
#649 = CARTESIAN_POINT('',(-3.888149648911,-12.92828994426,
    46.249964288094));
#650 = CARTESIAN_POINT('',(2.246410468145,-13.76106363676,
    46.666717581923));
#651 = CARTESIAN_POINT('',(8.142089413502,-11.31899343533,
    47.083281286758));
#652 = CARTESIAN_POINT('',(11.891018514068,-6.39234442698,47.50003458062
    ));
#653 = CARTESIAN_POINT('',(12.755087734698,-0.668234794233,
    47.916650533026));
#654 = CARTESIAN_POINT('',(11.046434780979,4.335011031744,
    48.333336483963));
#655 = CARTESIAN_POINT('',(4.335010958596,11.046434809687,
    49.166662384729));
#656 = CARTESIAN_POINT('',(-0.668234878696,12.755087730265,
    49.583348335696));
#657 = CARTESIAN_POINT('',(-6.392344505726,11.891018471755,
    49.999964287953));
#658 = CARTESIAN_POINT('',(-11.31899348924,8.142089338525,
    50.416717582207));
#659 = CARTESIAN_POINT('',(-13.76106365165,2.246410377048,
    50.833281286322));
#660 = CARTESIAN_POINT('',(-12.9282899185,-3.888149734551,51.25003458115
    ));
#661 = CARTESIAN_POINT('',(-9.491722386268,-8.546695677373,
    51.666650532514));
#662 = CARTESIAN_POINT('',(-4.745693244497,-10.87632463865,
    52.083336484352));
#663 = CARTESIAN_POINT('',(4.745693316517,-10.87632460715,
    52.916662383881));
#664 = CARTESIAN_POINT('',(9.491722442887,-8.546695614835,
    53.333348340245));
#665 = CARTESIAN_POINT('',(12.928289944173,-3.888149648165,
    53.749964276139));
#666 = CARTESIAN_POINT('',(13.761063636934,2.246410466784,
    54.166717603606));
#667 = CARTESIAN_POINT('',(11.3189934351,8.142089415396,54.5832812567));
#668 = CARTESIAN_POINT('',(6.392344427243,11.891018511981,
    55.000034613604));
#669 = CARTESIAN_POINT('',(0.668234794004,12.755087736538,
    55.416650504043));
#670 = CARTESIAN_POINT('',(-4.335011031584,11.046434779687,
    55.833336504268));
#671 = CARTESIAN_POINT('',(-11.04643481001,4.335010961305,
    56.666662342211));
#672 = CARTESIAN_POINT('',(-12.75508772847,-0.668234893319,
    57.083348565233));
#673 = CARTESIAN_POINT('',(-11.89101847644,-6.392344467491,
    57.499963687734));
#674 = CARTESIAN_POINT('',(-8.142089329986,-11.31899355888,
    57.916718675581));
#675 = CARTESIAN_POINT('',(-2.246410388929,-13.7610635548,
    58.333279765485));
#676 = CARTESIAN_POINT('',(3.888149747621,-12.92829002504,
    58.750036254171));
#677 = CARTESIAN_POINT('',(8.546695665869,-9.491722292485,
    59.166649059927));
#678 = CARTESIAN_POINT('',(10.876324646724,-4.745693310282,
    59.583337517279));
#679 = CARTESIAN_POINT('',(10.876324618487,7.202105795773E-08,
    59.999998868695));
#680 = CARTESIAN_POINT('',(13.418177714178,-2.081668171172E-17,
    -2.850168574868));
#681 = CARTESIAN_POINT('',(13.418181461703,5.854785295866,
    -2.433503947111));
#682 = CARTESIAN_POINT('',(10.544093265494,11.709991715725,
    -2.01682892163));
#683 = CARTESIAN_POINT('',(4.796843966988,15.949689130291,
    -1.600182915774));
#684 = CARTESIAN_POINT('',(-2.771416548426,16.977107682787,
    -1.183481793776));
#685 = CARTESIAN_POINT('',(-10.04494141811,13.964289870365,
    -0.766855625891));
#686 = CARTESIAN_POINT('',(-14.6700006586,7.886275940457,-0.350155079604
    ));
#687 = CARTESIAN_POINT('',(-15.73602607001,0.824401200875,
    6.649181494075E-02));
#688 = CARTESIAN_POINT('',(-13.62804121413,-5.34812454819,0.483165983343
    ));
#689 = CARTESIAN_POINT('',(-5.348128227849,-13.62804494827,1.31649644148
    ));
#690 = CARTESIAN_POINT('',(0.824414002057,-15.73601516855,1.733170524394
    ));
#691 = CARTESIAN_POINT('',(7.886253237778,-14.67001336527,2.149817713582
    ));
#692 = CARTESIAN_POINT('',(13.964314681228,-10.04494132697,
    2.566517634135));
#693 = CARTESIAN_POINT('',(16.977090773551,-2.771397297282,
    2.983144785389));
#694 = CARTESIAN_POINT('',(15.949695856947,4.79681743637,3.399844694624)
  );
#695 = CARTESIAN_POINT('',(11.709990531416,10.544111183382,
    3.816491901279));
#696 = CARTESIAN_POINT('',(5.854785201996,13.418175469255,4.233165967351
    ));
#697 = CARTESIAN_POINT('',(-5.854785251055,13.418180744408,
    5.066496449116));
#698 = CARTESIAN_POINT('',(-11.7099917796,10.544094288081,5.483170513502
    ));
#699 = CARTESIAN_POINT('',(-15.94968905771,4.796842805244,5.899817725963
    ));
#700 = CARTESIAN_POINT('',(-16.97710774876,-2.771415492386,
    6.316517622874));
#701 = CARTESIAN_POINT('',(-13.96428982293,-10.04494217731,
    6.733144793488));
#702 = CARTESIAN_POINT('',(-7.886275966497,-14.67000024184,
    7.149844690177));
#703 = CARTESIAN_POINT('',(-0.824401190915,-15.73602622939,
    7.566491902979));
#704 = CARTESIAN_POINT('',(5.348124546344,-13.62804118461,7.983165967038
    ));
#705 = CARTESIAN_POINT('',(13.628044949163,-5.348128241944,
    8.816496449261));
#706 = CARTESIAN_POINT('',(15.736015167293,0.82441402216,9.23317051331)
  );
#707 = CARTESIAN_POINT('',(14.670013366708,7.886253214928,9.649817726165
    ));
#708 = CARTESIAN_POINT('',(10.044941325678,13.964314702007,
    10.066517622707));
#709 = CARTESIAN_POINT('',(2.771397298198,16.977090758612,
    10.483144793596));
#710 = CARTESIAN_POINT('',(-4.79681743686,15.949695865145,
    10.899844690124));
#711 = CARTESIAN_POINT('',(-10.5441111832,11.709990528283,
    11.316491902998));
#712 = CARTESIAN_POINT('',(-13.41817546928,5.854785202574,
    11.733165967034));
#713 = CARTESIAN_POINT('',(-13.41818074439,-5.85478525133,
    12.566496449265));
#714 = CARTESIAN_POINT('',(-10.54409428808,-11.70999177922,
    12.983170513296));
#715 = CARTESIAN_POINT('',(-4.79684280524,-15.94968905812,
    13.399817726191));
#716 = CARTESIAN_POINT('',(2.771415492381,-16.9771077484,13.816517622671
    ));
#717 = CARTESIAN_POINT('',(10.044942177325,-13.96428982317,
    14.233144793633));
#718 = CARTESIAN_POINT('',(14.67000024183,-7.886275966366,
    14.649844690098));
#719 = CARTESIAN_POINT('',(15.7360262294,-0.824401190964,15.066491903009
    ));
#720 = CARTESIAN_POINT('',(13.628041184615,5.348124546352,
    15.483165967033));
#721 = CARTESIAN_POINT('',(5.348128241948,13.628044949161,
    16.316496449262));
#722 = CARTESIAN_POINT('',(-0.824414022178,15.736015167292,
    16.733170513315));
#723 = CARTESIAN_POINT('',(-7.886253214892,14.670013366707,
    17.149817726151));
#724 = CARTESIAN_POINT('',(-13.96431470205,10.044941325689,
    17.56651762273));
#725 = CARTESIAN_POINT('',(-16.97709075857,2.771397298175,
    17.983144793573));
#726 = CARTESIAN_POINT('',(-15.94969586517,-4.796817436835,
    18.39984469014));
#727 = CARTESIAN_POINT('',(-11.70999052827,-10.54411118321,
    18.81649190299));
#728 = CARTESIAN_POINT('',(-5.854785202575,-13.41817546928,
    19.233165967036));
#729 = CARTESIAN_POINT('',(5.85478525133,-13.41818074439,20.066496449264
    ));
#730 = CARTESIAN_POINT('',(11.709991779224,-10.54409428808,
    20.483170513299));
#731 = CARTESIAN_POINT('',(15.949689058131,-4.796842805252,
    20.899817726183));
#732 = CARTESIAN_POINT('',(16.977107748407,2.771415492392,
    21.316517622688));
#733 = CARTESIAN_POINT('',(13.964289823167,10.04494217732,
    21.733144793612));
#734 = CARTESIAN_POINT('',(7.886275966381,14.670000241828,
    22.149844690115));
#735 = CARTESIAN_POINT('',(0.824401190953,15.736026229404,
    22.566491902999));
#736 = CARTESIAN_POINT('',(-5.348124546347,13.628041184611,
    22.983165967037));
#737 = CARTESIAN_POINT('',(-13.62804494916,5.348128241954,
    23.816496449255));
#738 = CARTESIAN_POINT('',(-15.73601516727,-0.824414022201,
    24.233170513337));
#739 = CARTESIAN_POINT('',(-14.67001336672,-7.88625321485,
    24.649817726109));
#740 = CARTESIAN_POINT('',(-10.04494132569,-13.9643147021,
    25.066517622783));
#741 = CARTESIAN_POINT('',(-2.771397298143,-16.97709075853,
    25.483144793524));
#742 = CARTESIAN_POINT('',(4.796817436795,-15.94969586518,
    25.899844690174));
#743 = CARTESIAN_POINT('',(10.544111183245,-11.70999052827,
    26.316491902972));
#744 = CARTESIAN_POINT('',(13.41817546927,-5.854785202575,
    26.733165967042));
#745 = CARTESIAN_POINT('',(13.418180744413,5.85478525133,27.566496449256
    ));
#746 = CARTESIAN_POINT('',(10.544094288041,11.709991779239,
    27.983170513327));
#747 = CARTESIAN_POINT('',(4.796842805313,15.949689058084,
    28.399817726131));
#748 = CARTESIAN_POINT('',(-2.771415492445,16.97710774849,
    28.816517622754));
#749 = CARTESIAN_POINT('',(-10.0449421773,13.964289823075,29.23314479355
    ));
#750 = CARTESIAN_POINT('',(-14.67000024181,7.886275966447,
    29.649844690157));
#751 = CARTESIAN_POINT('',(-15.73602622941,0.824401190925,
    30.066491902981));
#752 = CARTESIAN_POINT('',(-13.6280411846,-5.348124546346,
    30.483165967038));
#753 = CARTESIAN_POINT('',(-5.348128241944,-13.62804494915,
    31.316496449263));
#754 = CARTESIAN_POINT('',(0.824414022145,-15.7360151673,31.733170513295
    ));
#755 = CARTESIAN_POINT('',(7.886253214972,-14.67001336669,32.1498177262)
  );
#756 = CARTESIAN_POINT('',(13.964314701936,-10.04494132566,
    32.56651762265));
#757 = CARTESIAN_POINT('',(16.977090758684,-2.771397298243,
    32.983144793664));
#758 = CARTESIAN_POINT('',(15.949695865098,4.79681743692,33.399844690066
    ));
#759 = CARTESIAN_POINT('',(11.709990528301,10.544111183155,
    33.816491903032));
#760 = CARTESIAN_POINT('',(5.854785202573,13.418175469306,
    34.233165967021));
#761 = CARTESIAN_POINT('',(-5.854785251331,13.418180744369,
    35.066496449282));
#762 = CARTESIAN_POINT('',(-11.70999177919,10.544094288175,
    35.483170513237));
#763 = CARTESIAN_POINT('',(-15.94968905821,4.79684280511,35.899817726302
    ));
#764 = CARTESIAN_POINT('',(-16.97710774824,-2.771415492267,
    36.31651762253));
#765 = CARTESIAN_POINT('',(-13.96428982335,-10.04494217736,
    36.733144793763));
#766 = CARTESIAN_POINT('',(-7.886275966237,-14.67000024184,
    37.149844690011));
#767 = CARTESIAN_POINT('',(-0.824401191025,-15.73602622936,
    37.566491903049));
#768 = CARTESIAN_POINT('',(5.348124546367,-13.62804118462,
    37.983165967023));
#769 = CARTESIAN_POINT('',(13.628044949152,-5.348128241939,
    38.816496449267));
#770 = CARTESIAN_POINT('',(15.736015167306,0.824414022152,39.2331705133)
  );
#771 = CARTESIAN_POINT('',(14.670013366697,7.886253214943,39.64981772618
    ));
#772 = CARTESIAN_POINT('',(10.044941325679,13.964314701984,
    40.066517622683));
#773 = CARTESIAN_POINT('',(2.771397298213,16.977090758635,
    40.483144793627));
#774 = CARTESIAN_POINT('',(-4.796817436883,15.94969586513,
    40.899844690096));
#775 = CARTESIAN_POINT('',(-10.54411118318,11.709990528289,
    41.316491903014));
#776 = CARTESIAN_POINT('',(-13.41817546929,5.854785202574,
    41.733165967029));
#777 = CARTESIAN_POINT('',(-13.41818074438,-5.854785251331,
    42.566496449271));
#778 = CARTESIAN_POINT('',(-10.54409428811,-11.70999177921,
    42.98317051328));
#779 = CARTESIAN_POINT('',(-4.79684280521,-15.94968905816,
    43.399817726218));
#780 = CARTESIAN_POINT('',(2.771415492354,-16.97710774835,
    43.816517622643));
#781 = CARTESIAN_POINT('',(10.044942177339,-13.96428982322,
    44.233144793653));
#782 = CARTESIAN_POINT('',(14.670000241825,-7.886275966333,
    44.649844690087));
#783 = CARTESIAN_POINT('',(15.7360262294,-0.824401190981,45.066491903014
    ));
#784 = CARTESIAN_POINT('',(13.628041184616,5.34812454636,45.483165967031
    ));
#785 = CARTESIAN_POINT('',(5.348128241943,13.628044949145,
    46.316496449268));
#786 = CARTESIAN_POINT('',(-0.824414022165,15.736015167332,
    46.733170513296));
#787 = CARTESIAN_POINT('',(-7.886253214883,14.670013366675,
    47.14981772617));
#788 = CARTESIAN_POINT('',(-13.96431470215,10.04494132566,
    47.566517622742));
#789 = CARTESIAN_POINT('',(-16.97709075832,2.771397298275,
    47.983144793495));
#790 = CARTESIAN_POINT('',(-15.94969586553,-4.796817436953,
    48.399844690285));
#791 = CARTESIAN_POINT('',(-11.7099905279,-10.54411118314,
    48.816491902819));
#792 = CARTESIAN_POINT('',(-5.854785202849,-13.41817546929,
    49.23316596718));
#793 = CARTESIAN_POINT('',(5.854785251906,-13.41818074439,
    50.066496448941));
#794 = CARTESIAN_POINT('',(11.709991776125,-10.54409428808,
    50.483170515049));
#795 = CARTESIAN_POINT('',(15.949689066226,-4.796842805228,
    50.899817721619));
#796 = CARTESIAN_POINT('',(16.977107733661,2.771415492302,
    51.316517630977));
#797 = CARTESIAN_POINT('',(13.964289843689,10.044942177487,
    51.733144782108));
#798 = CARTESIAN_POINT('',(7.886275943785,14.670000241623,
    52.149844702748));
#799 = CARTESIAN_POINT('',(0.82440121086,15.736026229583,52.566491891893
    ));
#800 = CARTESIAN_POINT('',(-5.348124560321,13.628041184495,
    52.98316597482));
#801 = CARTESIAN_POINT('',(-13.62804491988,5.348128242183,
    53.816496432958));
#802 = CARTESIAN_POINT('',(-15.73601532532,-0.824414023444,
    54.233170601346));
#803 = CARTESIAN_POINT('',(-14.67001295351,-7.886253211552,
    54.649817495928));
#804 = CARTESIAN_POINT('',(-10.0449420783,-13.96431470819,
    55.066518042156));
#805 = CARTESIAN_POINT('',(-2.771396251332,-16.97709074995,
    55.483144210108));
#806 = CARTESIAN_POINT('',(4.796816285214,-15.94969587471,
    55.899845332048));
#807 = CARTESIAN_POINT('',(10.544112196916,-11.70999051983,
    56.316491337942));
#808 = CARTESIAN_POINT('',(13.418174758198,-5.854785208509,
    56.733166363405));
#809 = CARTESIAN_POINT('',(13.418178496104,2.76270086183E-08,
    57.149830991168));
#810 = CARTESIAN_POINT('',(16.5,4.232725281383E-16,-2.492314613357));
#811 = CARTESIAN_POINT('',(16.500003279232,7.199482792461,
    -2.075646013246));
#812 = CARTESIAN_POINT('',(12.965812973472,14.399489714111,
    -1.658987273022));
#813 = CARTESIAN_POINT('',(5.898554668213,19.612931879593,
    -1.242301014254));
#814 = CARTESIAN_POINT('',(-3.407936681854,20.876328311416,
    -0.825667020672));
#815 = CARTESIAN_POINT('',(-12.35201885186,17.171546073601,
    -0.408961950071));
#816 = CARTESIAN_POINT('',(-18.03933328691,9.697549799816,
    7.672589435128E-03));
#817 = CARTESIAN_POINT('',(-19.35020125107,1.013750748978,0.424358005491
    ));
#818 = CARTESIAN_POINT('',(-16.75806363116,-6.576457377227,
    0.841017558457));
#819 = CARTESIAN_POINT('',(-6.576460648033,-16.75806687752,
    1.674353618263));
#820 = CARTESIAN_POINT('',(1.013761894226,-19.3501917189,2.091013252302)
  );
#821 = CARTESIAN_POINT('',(9.697529865623,-18.03934443252,2.507698388937
    ));
#822 = CARTESIAN_POINT('',(17.171567780472,-12.35201881726,
    2.924333521833));
#823 = CARTESIAN_POINT('',(20.876313446996,-3.407919920788,
    3.341037659917));
#824 = CARTESIAN_POINT('',(19.612937854237,5.89853141849,3.757672803532)
  );
#825 = CARTESIAN_POINT('',(14.399488652475,12.965828589456,
    4.174357923618));
#826 = CARTESIAN_POINT('',(7.199482806732,16.499998022893,4.591017573621
    ));
#827 = CARTESIAN_POINT('',(-7.199482799273,16.500002657638,
    5.424353611023));
#828 = CARTESIAN_POINT('',(-14.3994897044,12.965813859626,5.841013262625
    ));
#829 = CARTESIAN_POINT('',(-19.61293189062,5.898553661467,6.257698377208
    ));
#830 = CARTESIAN_POINT('',(-20.87632830138,-3.407935766705,
    6.674333532497));
#831 = CARTESIAN_POINT('',(-17.1715460808,-12.35201950977,7.091037652249
    ));
#832 = CARTESIAN_POINT('',(-9.69754979586,-18.03933292574,7.507672807743
    ));
#833 = CARTESIAN_POINT('',(-1.01375075049,-19.35020138918,7.924357922007
    ));
#834 = CARTESIAN_POINT('',(6.576457377506,-16.75806360557,8.341017573919
    ));
#835 = CARTESIAN_POINT('',(16.758066877394,-6.576460660248,
    9.174353610883));
#836 = CARTESIAN_POINT('',(19.350191719092,1.013761911649,9.59101326282)
  );
#837 = CARTESIAN_POINT('',(18.039344432311,9.697529845817,10.00769837699
    ));
#838 = CARTESIAN_POINT('',(12.352018817468,17.171567798484,
    10.424333532693));
#839 = CARTESIAN_POINT('',(3.407919920628,20.876313434046,10.84103765211
    ));
#840 = CARTESIAN_POINT('',(-5.898531418391,19.612937861343,
    11.257672807816));
#841 = CARTESIAN_POINT('',(-12.9658285895,14.399488649761,
    11.674357921981));
#842 = CARTESIAN_POINT('',(-16.49999802288,7.199482807234,
    12.091017573924));
#843 = CARTESIAN_POINT('',(-16.50000265764,-7.199482799511,
    12.924353610879));
#844 = CARTESIAN_POINT('',(-12.9658138596,-14.39948970406,
    13.341013262829));
#845 = CARTESIAN_POINT('',(-5.898553661491,-19.61293189099,
    13.757698376976));
#846 = CARTESIAN_POINT('',(3.407935766722,-20.87632830106,14.17433353271
    ));
#847 = CARTESIAN_POINT('',(12.352019509775,-17.17154608103,
    14.591037652095));
#848 = CARTESIAN_POINT('',(18.039332925741,-9.697549795741,
    15.007672807826));
#849 = CARTESIAN_POINT('',(19.350201389195,-1.013750750534,
    15.424357921976));
#850 = CARTESIAN_POINT('',(16.758063605577,6.576457377514,
    15.841017573924));
#851 = CARTESIAN_POINT('',(6.576460660251,16.758066877392,
    16.674353610882));
#852 = CARTESIAN_POINT('',(-1.013761911662,19.35019171909,
    17.091013262817));
#853 = CARTESIAN_POINT('',(-9.697529845791,18.039344432313,
    17.507698376999));
#854 = CARTESIAN_POINT('',(-17.17156779851,12.352018817474,
    17.924333532678));
#855 = CARTESIAN_POINT('',(-20.87631343401,3.40791992061,18.341037652127
    ));
#856 = CARTESIAN_POINT('',(-19.61293786136,-5.89853141837,
    18.757672807803));
#857 = CARTESIAN_POINT('',(-14.39948864975,-12.96582858951,
    19.174357921988));
#858 = CARTESIAN_POINT('',(-7.199482807235,-16.49999802287,
    19.591017573922));
#859 = CARTESIAN_POINT('',(7.199482799513,-16.50000265764,
    20.424353610881));
#860 = CARTESIAN_POINT('',(14.399489704063,-12.9658138596,
    20.841013262824));
#861 = CARTESIAN_POINT('',(19.612931890995,-5.898553661501,
    21.257698376987));
#862 = CARTESIAN_POINT('',(20.87632830107,3.407935766735,21.674333532692
    ));
#863 = CARTESIAN_POINT('',(17.171546081022,12.352019509767,
    22.091037652113));
#864 = CARTESIAN_POINT('',(9.697549795754,18.039332925742,
    22.507672807814));
#865 = CARTESIAN_POINT('',(1.013750750525,19.350201389198,
    22.924357921982));
#866 = CARTESIAN_POINT('',(-6.57645737751,16.758063605574,
    23.341017573922));
#867 = CARTESIAN_POINT('',(-16.75806687739,6.576460660257,
    24.174353610886));
#868 = CARTESIAN_POINT('',(-19.35019171907,-1.013761911685,
    24.591013262806));
#869 = CARTESIAN_POINT('',(-18.03934443231,-9.697529845751,
    25.007698377015));
#870 = CARTESIAN_POINT('',(-12.35201881749,-17.17156779856,
    25.42433353266));
#871 = CARTESIAN_POINT('',(-3.407919920573,-20.87631343398,
    25.841037652143));
#872 = CARTESIAN_POINT('',(5.89853141833,-19.61293786137,26.25767280779)
  );
#873 = CARTESIAN_POINT('',(12.96582858954,-14.39948864975,
    26.674357921996));
#874 = CARTESIAN_POINT('',(16.499998022868,-7.199482807234,
    27.091017573918));
#875 = CARTESIAN_POINT('',(16.500002657661,7.199482799511,
    27.924353610885));
#876 = CARTESIAN_POINT('',(12.965813859567,14.39948970408,
    28.341013262813));
#877 = CARTESIAN_POINT('',(5.898553661548,19.612931890949,
    28.757698377003));
#878 = CARTESIAN_POINT('',(-3.407935766766,20.876328301144,
    29.174333532674));
#879 = CARTESIAN_POINT('',(-12.35201950976,17.171546080944,
    29.591037652131));
#880 = CARTESIAN_POINT('',(-18.03933292572,9.697549795808,
    30.007672807798));
#881 = CARTESIAN_POINT('',(-19.35020138921,1.013750750503,
    30.424357921991));
#882 = CARTESIAN_POINT('',(-16.75806360557,-6.576457377509,
    30.841017573921));
#883 = CARTESIAN_POINT('',(-6.576460660249,-16.75806687738,
    31.67435361088));
#884 = CARTESIAN_POINT('',(1.013761911636,-19.3501917191,32.091013262829
    ));
#885 = CARTESIAN_POINT('',(9.697529845856,-18.0393444323,32.507698376974
    ));
#886 = CARTESIAN_POINT('',(17.171567798423,-12.35201881745,
    32.924333532714));
#887 = CARTESIAN_POINT('',(20.876313434106,-3.407919920672,
    33.341037652088));
#888 = CARTESIAN_POINT('',(19.612937861307,5.898531418447,
    33.757672807835));
#889 = CARTESIAN_POINT('',(14.399488649773,12.965828589459,
    34.174357921967));
#890 = CARTESIAN_POINT('',(7.199482807234,16.4999980229,34.591017573931)
  );
#891 = CARTESIAN_POINT('',(-7.199482799514,16.500002657622,
    35.42435361087));
#892 = CARTESIAN_POINT('',(-14.39948970403,12.96581385968,
    35.841013262857));
#893 = CARTESIAN_POINT('',(-19.61293189107,5.898553661385,36.25769837693
    ));
#894 = CARTESIAN_POINT('',(-20.87632830093,-3.40793576664,
    36.674333532766));
#895 = CARTESIAN_POINT('',(-17.17154608117,-12.35201950979,
    37.091037652042));
#896 = CARTESIAN_POINT('',(-9.697549795637,-18.03933292577,
    37.507672807866));
#897 = CARTESIAN_POINT('',(-1.013750750583,-19.35020138916,
    37.924357921954));
#898 = CARTESIAN_POINT('',(6.576457377525,-16.75806360558,38.34101757393
    ));
#899 = CARTESIAN_POINT('',(16.758066877386,-6.576460660243,
    39.174353610878));
#900 = CARTESIAN_POINT('',(19.350191719101,1.013761911639,
    39.591013262825));
#901 = CARTESIAN_POINT('',(18.039344432306,9.697529845834,
    40.007698376985));
#902 = CARTESIAN_POINT('',(12.352018817462,17.171567798462,
    40.424333532699));
#903 = CARTESIAN_POINT('',(3.407919920648,20.876313434066,
    40.841037652102));
#904 = CARTESIAN_POINT('',(-5.898531418416,19.612937861332,
    41.257672807825));
#905 = CARTESIAN_POINT('',(-12.96582858948,14.399488649764,
    41.674357921974));
#906 = CARTESIAN_POINT('',(-16.49999802288,7.199482807234,
    42.091017573926));
#907 = CARTESIAN_POINT('',(-16.50000265764,-7.199482799513,
    42.924353610877));
#908 = CARTESIAN_POINT('',(-12.96581385962,-14.39948970405,
    43.341013262836));
#909 = CARTESIAN_POINT('',(-5.898553661468,-19.61293189101,
    43.757698376966));
#910 = CARTESIAN_POINT('',(3.407935766706,-20.87632830102,
    44.174333532719));
#911 = CARTESIAN_POINT('',(12.352019509779,-17.17154608107,
    44.591037652089));
#912 = CARTESIAN_POINT('',(18.039332925743,-9.697549795715,
    45.007672807828));
#913 = CARTESIAN_POINT('',(19.350201389192,-1.013750750548,
    45.424357921976));
#914 = CARTESIAN_POINT('',(16.758063605578,6.57645737752,45.841017573924
    ));
#915 = CARTESIAN_POINT('',(6.576460660246,16.758066877379,46.67435361088
    ));
#916 = CARTESIAN_POINT('',(-1.013761911655,19.350191719126,
    47.091013262813));
#917 = CARTESIAN_POINT('',(-9.69752984577,18.039344432279,
    47.507698377029));
#918 = CARTESIAN_POINT('',(-17.17156779863,12.352018817462,
    47.924333532598));
#919 = CARTESIAN_POINT('',(-20.87631343377,3.407919920677,
    48.341037652266));
#920 = CARTESIAN_POINT('',(-19.6129378617,-5.898531418448,
    48.757672807624));
#921 = CARTESIAN_POINT('',(-14.39948864942,-12.96582858947,
    49.174357922165));
#922 = CARTESIAN_POINT('',(-7.199482807478,-16.49999802287,
    49.591017573783));
#923 = CARTESIAN_POINT('',(7.19948280002,-16.50000265768,50.424353611185
    ));
#924 = CARTESIAN_POINT('',(14.399489701331,-12.9658138594,
    50.841013261175));
#925 = CARTESIAN_POINT('',(19.612931898133,-5.898553662002,
    51.257698381289));
#926 = CARTESIAN_POINT('',(20.876328288062,3.407935767604,
    51.674333524865));
#927 = CARTESIAN_POINT('',(17.17154609913,12.352019508592,
    52.091037662994));
#928 = CARTESIAN_POINT('',(9.697549775815,18.039332927021,
    52.507672795847));
#929 = CARTESIAN_POINT('',(1.013750768091,19.350201388067,
    52.924357932512));
#930 = CARTESIAN_POINT('',(-6.57645738984,16.758063606376,
    53.341017566539));
#931 = CARTESIAN_POINT('',(-16.75806685156,6.576460658563,
    54.174353626345));
#932 = CARTESIAN_POINT('',(-19.35019185853,-1.013761902548,
    54.591013179321));
#933 = CARTESIAN_POINT('',(-18.03934406772,-9.697529869591,
    55.007698595355));
#934 = CARTESIAN_POINT('',(-12.35201948157,-17.17156775522,
    55.424333134889));
#935 = CARTESIAN_POINT('',(-3.407918996886,-20.87631349417,
    55.841038205466));
#936 = CARTESIAN_POINT('',(5.898530402182,-19.61293779523,
    56.257672199064));
#937 = CARTESIAN_POINT('',(12.965829484004,-14.39948870793,
    56.674358457822));
#938 = CARTESIAN_POINT('',(16.499997395416,-7.199482766431,
    57.091017198052));
#939 = CARTESIAN_POINT('',(16.500000683751,-2.619785677282E-08,
    57.507685798159));
#940 = CARTESIAN_POINT('',(16.5,6.036837696399E-16,-7.105427357601E-15)
  );
#941 = CARTESIAN_POINT('',(16.500000001159,7.199482617175,0.416668600111
    ));
#942 = CARTESIAN_POINT('',(12.96582097153,14.399488902374,0.833327340333
    ));
#943 = CARTESIAN_POINT('',(5.898542428536,19.612934426361,1.250013599104
    ));
#944 = CARTESIAN_POINT('',(-3.407927752167,20.876320472935,
    1.666647592683));
#945 = CARTESIAN_POINT('',(-12.35201889716,17.171556568442,
    2.083352663286));
#946 = CARTESIAN_POINT('',(-18.03933829584,9.69753964808,2.499987202793)
  );
#947 = CARTESIAN_POINT('',(-19.35019615306,1.013756320127,2.916672618847
    ));
#948 = CARTESIAN_POINT('',(-16.75806489936,-6.576458868329,
    3.333332171814));
#949 = CARTESIAN_POINT('',(-6.576458895979,-16.7580648895,4.166668231619
    ));
#950 = CARTESIAN_POINT('',(1.013756294802,-19.35019615335,4.583327865659
    ));
#951 = CARTESIAN_POINT('',(9.697539605442,-18.0393383137,5.000013002292)
  );
#952 = CARTESIAN_POINT('',(17.171556574238,-12.35201892063,
    5.416648135194));
#953 = CARTESIAN_POINT('',(20.87632043224,-3.407927790135,5.833352273267
    ));
#954 = CARTESIAN_POINT('',(19.61293447451,5.898542402431,6.249987416894)
  );
#955 = CARTESIAN_POINT('',(14.399488888837,12.965820944366,
    6.666672536972));
#956 = CARTESIAN_POINT('',(7.199482667304,16.499999992692,7.083332186978
    ));
#957 = CARTESIAN_POINT('',(-7.199482641105,16.500000004094,
    7.916668224379));
#958 = CARTESIAN_POINT('',(-14.39948886825,12.965820967346,
    8.333327875983));
#959 = CARTESIAN_POINT('',(-19.61293446511,5.898542433289,8.750012990561
    ));
#960 = CARTESIAN_POINT('',(-20.8763204377,-3.407927756488,9.16664814586)
  );
#961 = CARTESIAN_POINT('',(-17.17155659376,-12.35201889405,
    9.583352265597));
#962 = CARTESIAN_POINT('',(-9.697539634176,-18.03933829755,
    9.999987421106));
#963 = CARTESIAN_POINT('',(-1.013756325445,-19.35019615241,
    10.41667253536));
#964 = CARTESIAN_POINT('',(6.576458869314,-16.75806489948,
    10.833332187276));
#965 = CARTESIAN_POINT('',(16.758064889037,-6.576458895921,
    11.66666822424));
#966 = CARTESIAN_POINT('',(19.350196154026,1.013756294719,
    12.083327876176));
#967 = CARTESIAN_POINT('',(18.03933831294,9.697539605538,12.500012990347
    ));
#968 = CARTESIAN_POINT('',(12.35201892133,17.171556574149,
    12.916648146051));
#969 = CARTESIAN_POINT('',(3.407927789637,20.876320432306,
    13.333352265464));
#970 = CARTESIAN_POINT('',(-5.898542402159,19.612934474472,
    13.749987421175));
#971 = CARTESIAN_POINT('',(-12.96582094447,14.399488888852,
    14.166672535336));
#972 = CARTESIAN_POINT('',(-16.49999999267,7.1994826673,14.58333218728)
  );
#973 = CARTESIAN_POINT('',(-16.5000000041,-7.199482641102,
    15.416668224236));
#974 = CARTESIAN_POINT('',(-12.96582096733,-14.39948886826,
    15.833327876185));
#975 = CARTESIAN_POINT('',(-5.898542433304,-19.6129344651,
    16.250012990332));
#976 = CARTESIAN_POINT('',(3.4079277565,-20.87632043772,16.666648146068)
  );
#977 = CARTESIAN_POINT('',(12.352018894054,-17.17155659375,
    17.083352265448));
#978 = CARTESIAN_POINT('',(18.039338297553,-9.697539634186,
    17.499987421187));
#979 = CARTESIAN_POINT('',(19.350196152412,-1.01375632544,17.91667253533
    ));
#980 = CARTESIAN_POINT('',(16.75806489948,6.576458869313,18.333332187281
    ));
#981 = CARTESIAN_POINT('',(6.576458895922,16.758064889038,
    19.166668224238));
#982 = CARTESIAN_POINT('',(-1.013756294722,19.350196154024,
    19.583327876174));
#983 = CARTESIAN_POINT('',(-9.69753960553,18.039338312945,
    20.000012990355));
#984 = CARTESIAN_POINT('',(-17.17155657416,12.352018921324,
    20.416648146037));
#985 = CARTESIAN_POINT('',(-20.87632043229,3.407927789643,20.83335226548
    ));
#986 = CARTESIAN_POINT('',(-19.61293447448,-5.898542402162,
    21.249987421163));
#987 = CARTESIAN_POINT('',(-14.39948888884,-12.96582094446,
    21.666672535343));
#988 = CARTESIAN_POINT('',(-7.199482667302,-16.49999999267,
    22.083332187279));
#989 = CARTESIAN_POINT('',(7.199482641103,-16.5000000041,22.916668224237
    ));
#990 = CARTESIAN_POINT('',(14.399488868263,-12.96582096733,
    23.33332787618));
#991 = CARTESIAN_POINT('',(19.612934465109,-5.898542433307,
    23.750012990343));
#992 = CARTESIAN_POINT('',(20.876320437718,3.407927756507,
    24.166648146051));
#993 = CARTESIAN_POINT('',(17.171556593757,12.352018894044,
    24.583352265465));
#994 = CARTESIAN_POINT('',(9.697539634183,18.039338297561,
    24.999987421174));
#995 = CARTESIAN_POINT('',(1.013756325442,19.350196152408,
    25.416672535337));
#996 = CARTESIAN_POINT('',(-6.576458869314,16.758064899481,
    25.833332187279));
#997 = CARTESIAN_POINT('',(-16.75806488903,6.576458895922,
    26.666668224242));
#998 = CARTESIAN_POINT('',(-19.35019615402,-1.013756294719,
    27.083327876163));
#999 = CARTESIAN_POINT('',(-18.03933831294,-9.697539605541,
    27.50001299037));
#1000 = CARTESIAN_POINT('',(-12.35201892133,-17.17155657414,
    27.91664814602));
#1001 = CARTESIAN_POINT('',(-3.407927789635,-20.87632043231,
    28.333352265495));
#1002 = CARTESIAN_POINT('',(5.898542402157,-19.61293447446,
    28.749987421151));
#1003 = CARTESIAN_POINT('',(12.965820944471,-14.39948888885,
    29.16667253535));
#1004 = CARTESIAN_POINT('',(16.499999992672,-7.1994826673,
    29.583332187275));
#1005 = CARTESIAN_POINT('',(16.500000004104,7.199482641102,
    30.416668224241));
#1006 = CARTESIAN_POINT('',(12.965820967333,14.399488868269,
    30.833327876169));
#1007 = CARTESIAN_POINT('',(5.898542433301,19.612934465097,
    31.250012990359));
#1008 = CARTESIAN_POINT('',(-3.407927756495,20.876320437731,
    31.666648146034));
#1009 = CARTESIAN_POINT('',(-12.35201889405,17.171556593748,
    32.083352265483));
#1010 = CARTESIAN_POINT('',(-18.03933829755,9.697539634188,
    32.499987421159));
#1011 = CARTESIAN_POINT('',(-19.35019615241,1.013756325441,
    32.916672535346));
#1012 = CARTESIAN_POINT('',(-16.75806489948,-6.576458869314,
    33.333332187278));
#1013 = CARTESIAN_POINT('',(-6.576458895921,-16.75806488903,
    34.166668224237));
#1014 = CARTESIAN_POINT('',(1.013756294716,-19.35019615402,
    34.583327876186));
#1015 = CARTESIAN_POINT('',(9.697539605545,-18.03933831294,
    35.000012990328));
#1016 = CARTESIAN_POINT('',(17.17155657414,-12.35201892132,
    35.416648146075));
#1017 = CARTESIAN_POINT('',(20.876320432311,-3.407927789644,
    35.833352265439));
#1018 = CARTESIAN_POINT('',(19.612934474471,5.898542402163,
    36.249987421197));
#1019 = CARTESIAN_POINT('',(14.399488888851,12.965820944468,
    36.666672535321));
#1020 = CARTESIAN_POINT('',(7.199482667301,16.499999992673,
    37.083332187288));
#1021 = CARTESIAN_POINT('',(-7.199482641104,16.500000004104,
    37.916668224226));
#1022 = CARTESIAN_POINT('',(-14.39948886825,12.96582096733,
    38.333327876213));
#1023 = CARTESIAN_POINT('',(-19.61293446512,5.898542433306,
    38.750012990286));
#1024 = CARTESIAN_POINT('',(-20.8763204377,-3.407927756503,
    39.166648146124));
#1025 = CARTESIAN_POINT('',(-17.17155659376,-12.35201889405,
    39.583352265395));
#1026 = CARTESIAN_POINT('',(-9.697539634179,-18.03933829755,
    39.999987421226));
#1027 = CARTESIAN_POINT('',(-1.013756325442,-19.35019615241,
    40.416672535309));
#1028 = CARTESIAN_POINT('',(6.576458869313,-16.75806489948,
    40.833332187287));
#1029 = CARTESIAN_POINT('',(16.758064889038,-6.576458895921,
    41.666668224235));
#1030 = CARTESIAN_POINT('',(19.350196154023,1.013756294718,
    42.083327876182));
#1031 = CARTESIAN_POINT('',(18.039338312947,9.697539605539,
    42.50001299034));
#1032 = CARTESIAN_POINT('',(12.352018921323,17.17155657415,
    42.916648146059));
#1033 = CARTESIAN_POINT('',(3.407927789644,20.876320432302,
    43.333352265454));
#1034 = CARTESIAN_POINT('',(-5.898542402163,19.612934474476,
    43.749987421185));
#1035 = CARTESIAN_POINT('',(-12.96582094446,14.39948888885,
    44.166672535329));
#1036 = CARTESIAN_POINT('',(-16.49999999267,7.199482667301,
    44.583332187283));
#1037 = CARTESIAN_POINT('',(-16.5000000041,-7.199482641103,
    45.416668224233));
#1038 = CARTESIAN_POINT('',(-12.96582096733,-14.39948886826,
    45.833327876192));
#1039 = CARTESIAN_POINT('',(-5.89854243331,-19.61293446511,
    46.250012990322));
#1040 = CARTESIAN_POINT('',(3.407927756511,-20.8763204377,
    46.666648146078));
#1041 = CARTESIAN_POINT('',(12.352018894043,-17.17155659376,
    47.083352265442));
#1042 = CARTESIAN_POINT('',(18.03933829756,-9.697539634181,
    47.499987421188));
#1043 = CARTESIAN_POINT('',(19.350196152409,-1.013756325442,
    47.916672535331));
#1044 = CARTESIAN_POINT('',(16.758064899481,6.576458869313,
    48.333332187281));
#1045 = CARTESIAN_POINT('',(6.57645889592,16.758064889039,
    49.166668224237));
#1046 = CARTESIAN_POINT('',(-1.013756294717,19.350196154021,
    49.583327876169));
#1047 = CARTESIAN_POINT('',(-9.697539605543,18.039338312949,
    50.000012990386));
#1048 = CARTESIAN_POINT('',(-17.17155657414,12.352018921324,
    50.416648145955));
#1049 = CARTESIAN_POINT('',(-20.8763204323,3.407927789635,
    50.833352265621));
#1050 = CARTESIAN_POINT('',(-19.61293447447,-5.898542402149,
    51.249987420983));
#1051 = CARTESIAN_POINT('',(-14.39948888884,-12.96582094448,
    51.666672535521));
#1052 = CARTESIAN_POINT('',(-7.199482667302,-16.49999999266,
    52.08333218714));
#1053 = CARTESIAN_POINT('',(7.199482641105,-16.50000000412,
    52.916668224542));
#1054 = CARTESIAN_POINT('',(14.399488868251,-12.96582096722,
    53.333327874533));
#1055 = CARTESIAN_POINT('',(19.612934465144,-5.898542433575,
    53.750012994644));
#1056 = CARTESIAN_POINT('',(20.876320437652,3.407927756992,
    54.166648138226));
#1057 = CARTESIAN_POINT('',(17.171556593847,12.352018893366,
    54.583352276345));
#1058 = CARTESIAN_POINT('',(9.697539634088,18.039338298312,
    54.999987409208));
#1059 = CARTESIAN_POINT('',(1.013756325525,19.350196151742,
    55.416672545866));
#1060 = CARTESIAN_POINT('',(-6.57645886937,16.758064899951,
    55.833332179896));
#1061 = CARTESIAN_POINT('',(-16.75806488891,6.576458894936,
    56.666668239702));
#1062 = CARTESIAN_POINT('',(-19.35019615467,-1.013756289401,
    57.083327792678));
#1063 = CARTESIAN_POINT('',(-18.03933831125,-9.69753961944,
    57.500013208709));
#1064 = CARTESIAN_POINT('',(-12.35201892441,-17.17155654882,
    57.91664774825));
#1065 = CARTESIAN_POINT('',(-3.407927785327,-20.87632046752,
    58.333352818816));
#1066 = CARTESIAN_POINT('',(5.898542397402,-19.61293443572,
    58.749986812426));
#1067 = CARTESIAN_POINT('',(12.965820948664,-14.39948892295,
    59.166673071175));
#1068 = CARTESIAN_POINT('',(16.499999989729,-7.199482643374,
    59.58333181141));
#1069 = CARTESIAN_POINT('',(16.5,-2.619793446762E-08,60.000000411516));
#1070 = DEFINITIONAL_REPRESENTATION('',(#1071),#1074);
#1071 = B_SPLINE_CURVE_WITH_KNOTS('',1,(#1072,#1073),.UNSPECIFIED.,.F.,
  .F.,(2,2),(0.,86.878315824121),.PIECEWISE_BEZIER_KNOTS.);
#1072 = CARTESIAN_POINT('',(6.28318530718,0.));
#1073 = CARTESIAN_POINT('',(6.28318530718,86.878315824121));
#1074 = ( GEOMETRIC_REPRESENTATION_CONTEXT(2) 
PARAMETRIC_REPRESENTATION_CONTEXT() REPRESENTATION_CONTEXT('2D SPACE',''
  ) );
#1075 = PCURVE('',#159,#1076);
#1076 = DEFINITIONAL_REPRESENTATION('',(#1077),#1081);
#1077 = LINE('',#1078,#1079);
#1078 = CARTESIAN_POINT('',(0.,0.));
#1079 = VECTOR('',#1080,1.);
#1080 = DIRECTION('',(0.,1.));
#1081 = ( GEOMETRIC_REPRESENTATION_CONTEXT(2) 
PARAMETRIC_REPRESENTATION_CONTEXT() REPRESENTATION_CONTEXT('2D SPACE',''
  ) );
#1082 = ORIENTED_EDGE('',*,*,#1083,.F.);
#1083 = EDGE_CURVE('',#24,#24,#1084,.T.);
#1084 = SURFACE_CURVE('',#1085,(#1093,#1100),.PCURVE_S1.);
#1085 = ( BOUNDED_CURVE() B_SPLINE_CURVE(6,(#1086,#1087,#1088,#1089,
#1090,#1091,#1092),.UNSPECIFIED.,.T.,.F.) B_SPLINE_CURVE_WITH_KNOTS((1,6
    ,6,1),(-6.28318530718,0.,6.28318530718,12.566370614359),
.UNSPECIFIED.) CURVE() GEOMETRIC_REPRESENTATION_ITEM() 
RATIONAL_B_SPLINE_CURVE((1.669078461068,1.03672962321,1.038346699848,
    0.853534330196,1.038346699848,1.03672962321,1.669078461068)) 
REPRESENTATION_ITEM('') );
#1086 = CARTESIAN_POINT('',(16.5,-2.619793446762E-08,60.000000411516));
#1087 = CARTESIAN_POINT('',(16.499999316249,-2.619802299403E-08,
    62.492315024872));
#1088 = CARTESIAN_POINT('',(13.418176932251,2.762682214247E-08,
    62.850168140905));
#1089 = CARTESIAN_POINT('',(10.876324618487,7.202105795773E-08,
    59.999998868695));
#1090 = CARTESIAN_POINT('',(13.418178496104,2.76270086183E-08,
    57.149830991168));
#1091 = CARTESIAN_POINT('',(16.500000683751,-2.619785677282E-08,
    57.507685798159));
#1092 = CARTESIAN_POINT('',(16.5,-2.619793446762E-08,60.000000411516));
#1093 = PCURVE('',#159,#1094);
#1094 = DEFINITIONAL_REPRESENTATION('',(#1095),#1099);
#1095 = LINE('',#1096,#1097);
#1096 = CARTESIAN_POINT('',(0.,86.878315824121));
#1097 = VECTOR('',#1098,1.);
#1098 = DIRECTION('',(1.,0.));
#1099 = ( GEOMETRIC_REPRESENTATION_CONTEXT(2) 
PARAMETRIC_REPRESENTATION_CONTEXT() REPRESENTATION_CONTEXT('2D SPACE',''
  ) );
#1100 = PCURVE('',#1101,#1106);
#1101 = PLANE('',#1102);
#1102 = AXIS2_PLACEMENT_3D('',#1103,#1104,#1105);
#1103 = CARTESIAN_POINT('',(15.000237634852,-4.185348059122E-12,
    60.000000000065));
#1104 = DIRECTION('',(-1.746526699829E-08,-1.,-3.78564987634E-14));
#1105 = DIRECTION('',(-1.,1.746526699829E-08,-2.222659108404E-38));
#1106 = DEFINITIONAL_REPRESENTATION('',(#1107),#1115);
#1107 = ( BOUNDED_CURVE() B_SPLINE_CURVE(6,(#1108,#1109,#1110,#1111,
#1112,#1113,#1114),.UNSPECIFIED.,.T.,.F.) B_SPLINE_CURVE_WITH_KNOTS((1,6
    ,6,1),(-6.28318530718,0.,6.28318530718,12.566370614359),
.UNSPECIFIED.) CURVE() GEOMETRIC_REPRESENTATION_ITEM() 
RATIONAL_B_SPLINE_CURVE((1.669078461068,1.03672962321,1.038346699848,
    0.853534330196,1.038346699848,1.03672962321,1.669078461068)) 
REPRESENTATION_ITEM('') );
#1108 = CARTESIAN_POINT('',(-1.499762365148,-4.114506708675E-07));
#1109 = CARTESIAN_POINT('',(-1.499761681396,-2.492315024807));
#1110 = CARTESIAN_POINT('',(1.582060702601,-2.85016814084));
#1111 = CARTESIAN_POINT('',(4.123913016365,1.131370481744E-06));
#1112 = CARTESIAN_POINT('',(1.582059138748,2.850169008897));
#1113 = CARTESIAN_POINT('',(-1.499763048899,2.492314201906));
#1114 = CARTESIAN_POINT('',(-1.499762365148,-4.114506708675E-07));
#1115 = ( GEOMETRIC_REPRESENTATION_CONTEXT(2) 
PARAMETRIC_REPRESENTATION_CONTEXT() REPRESENTATION_CONTEXT('2D SPACE',''
  ) );
#1116 = ORIENTED_EDGE('',*,*,#21,.F.);
#1117 = ORIENTED_EDGE('',*,*,#1118,.T.);
#1118 = EDGE_CURVE('',#22,#22,#1119,.T.);
#1119 = SURFACE_CURVE('',#1120,(#1128,#1135),.PCURVE_S1.);
#1120 = ( BOUNDED_CURVE() B_SPLINE_CURVE(6,(#1121,#1122,#1123,#1124,
#1125,#1126,#1127),.UNSPECIFIED.,.T.,.F.) B_SPLINE_CURVE_WITH_KNOTS((1,6
    ,6,1),(-6.28318530718,0.,6.28318530718,12.566370614359),
.UNSPECIFIED.) CURVE() GEOMETRIC_REPRESENTATION_ITEM() 
RATIONAL_B_SPLINE_CURVE((1.669078461068,1.03672962321,1.038346699848,
    0.853534330196,1.038346699848,1.03672962321,1.669078461068)) 
REPRESENTATION_ITEM('') );
#1121 = CARTESIAN_POINT('',(16.5,6.036837696399E-16,-7.105427357601E-15)
  );
#1122 = CARTESIAN_POINT('',(16.5,-1.311450947838E-15,2.492314613357));
#1123 = CARTESIAN_POINT('',(13.418177714178,-2.081668171172E-17,
    2.850168574868));
#1124 = CARTESIAN_POINT('',(10.876324618487,-1.436351038109E-15,
    7.105427357601E-15));
#1125 = CARTESIAN_POINT('',(13.418177714178,-2.081668171172E-17,
    -2.850168574868));
#1126 = CARTESIAN_POINT('',(16.5,4.232725281383E-16,-2.492314613357));
#1127 = CARTESIAN_POINT('',(16.5,6.036837696399E-16,-7.105427357601E-15)
  );
#1128 = PCURVE('',#159,#1129);
#1129 = DEFINITIONAL_REPRESENTATION('',(#1130),#1134);
#1130 = LINE('',#1131,#1132);
#1131 = CARTESIAN_POINT('',(0.,0.));
#1132 = VECTOR('',#1133,1.);
#1133 = DIRECTION('',(1.,0.));
#1134 = ( GEOMETRIC_REPRESENTATION_CONTEXT(2) 
PARAMETRIC_REPRESENTATION_CONTEXT() REPRESENTATION_CONTEXT('2D SPACE',''
  ) );
#1135 = PCURVE('',#1136,#1141);
#1136 = PLANE('',#1137);
#1137 = AXIS2_PLACEMENT_3D('',#1138,#1139,#1140);
#1138 = CARTESIAN_POINT('',(15.000237634852,-5.258912746821E-17,
    -1.602587161296E-15));
#1139 = DIRECTION('',(3.149314614567E-16,-1.,-0.));
#1140 = DIRECTION('',(-1.,-3.149314614567E-16,0.));
#1141 = DEFINITIONAL_REPRESENTATION('',(#1142),#1150);
#1142 = ( BOUNDED_CURVE() B_SPLINE_CURVE(6,(#1143,#1144,#1145,#1146,
#1147,#1148,#1149),.UNSPECIFIED.,.T.,.F.) B_SPLINE_CURVE_WITH_KNOTS((1,6
    ,6,1),(-6.28318530718,0.,6.28318530718,12.566370614359),
.UNSPECIFIED.) CURVE() GEOMETRIC_REPRESENTATION_ITEM() 
RATIONAL_B_SPLINE_CURVE((1.669078461068,1.03672962321,1.038346699848,
    0.853534330196,1.038346699848,1.03672962321,1.669078461068)) 
REPRESENTATION_ITEM('') );
#1143 = CARTESIAN_POINT('',(-1.499762365148,5.502840196305E-15));
#1144 = CARTESIAN_POINT('',(-1.499762365148,-2.492314613357));
#1145 = CARTESIAN_POINT('',(1.582059920675,-2.850168574868));
#1146 = CARTESIAN_POINT('',(4.123913016365,-8.708014518897E-15));
#1147 = CARTESIAN_POINT('',(1.582059920675,2.850168574868));
#1148 = CARTESIAN_POINT('',(-1.499762365148,2.492314613357));
#1149 = CARTESIAN_POINT('',(-1.499762365148,5.502840196305E-15));
#1150 = ( GEOMETRIC_REPRESENTATION_CONTEXT(2) 
PARAMETRIC_REPRESENTATION_CONTEXT() REPRESENTATION_CONTEXT('2D SPACE',''
  ) );
#1151 = ADVANCED_FACE('',(#1152),#1136,.T.);
#1152 = FACE_BOUND('',#1153,.T.);
#1153 = EDGE_LOOP('',(#1154));
#1154 = ORIENTED_EDGE('',*,*,#1118,.T.);
#1155 = ADVANCED_FACE('',(#1156),#1101,.F.);
#1156 = FACE_BOUND('',#1157,.F.);
#1157 = EDGE_LOOP('',(#1158));
#1158 = ORIENTED_EDGE('',*,*,#1083,.T.);
#1159 = ( GEOMETRIC_REPRESENTATION_CONTEXT(3) 
GLOBAL_UNCERTAINTY_ASSIGNED_CONTEXT((#1163)) 
GLOBAL_UNIT_ASSIGNED_CONTEXT((#1160,#1161,#1162)) REPRESENTATION_CONTEXT
('Context #1','3D Context with UNIT and UNCERTAINTY') );
#1160 = ( LENGTH_UNIT() NAMED_UNIT(*) SI_UNIT(.MILLI.,.METRE.) );
#1161 = ( NAMED_UNIT(*) PLANE_ANGLE_UNIT() SI_UNIT($,.RADIAN.) );
#1162 = ( NAMED_UNIT(*) SI_UNIT($,.STERADIAN.) SOLID_ANGLE_UNIT() );
#1163 = UNCERTAINTY_MEASURE_WITH_UNIT(LENGTH_MEASURE(1.E-05),#1160,
  'distance_accuracy_value','confusion accuracy');
#1164 = PRODUCT_RELATED_PRODUCT_CATEGORY('part',$,(#7));
ENDSEC;
END-ISO-10303-21;
